timestamp,user_id,movie_id
2024-10-17 21:56:32,25117,73
2024-10-17 21:56:32,305276,150
2024-10-17 21:56:32,272320,32
2024-10-17 21:56:32,95799,31
2024-10-17 21:56:32,286801,68
2024-10-17 21:56:32,189832,154
2024-10-17 21:56:32,98511,86
2024-10-17 21:56:32,350854,102
2024-10-17 21:56:32,478709,55
2024-10-17 21:56:32,202398,41
2024-10-17 21:56:32,264980,50
2024-10-17 21:56:32,203924,44
2024-10-17 21:56:32,291087,138
2024-10-17 21:56:32,461489,163
2024-10-17 21:56:32,18341,8
2024-10-17 21:56:32,66429,36
2024-10-17 21:56:32,243319,27
2024-10-17 21:56:32,175202,26
2024-10-17 21:56:32,411628,9
2024-10-17 21:56:32,382974,28
2024-10-17 21:56:32,254512,15
2024-10-17 21:56:32,358248,24
2024-10-17 21:56:32,257042,11
2024-10-17 21:56:32,342292,90
2024-10-17 21:56:32,406436,72
2024-10-17 21:56:32,389776,77
2024-10-17 21:56:32,307629,101
2024-10-17 21:56:32,427780,54
2024-10-17 21:56:32,517298,4
2024-10-17 21:56:32,85119,44
2024-10-17 21:56:32,26873,37
2024-10-17 21:56:32,160074,171
2024-10-17 21:56:32,38308,35
2024-10-17 21:56:32,244383,13
2024-10-17 21:56:32,270679,131
2024-10-17 21:56:32,561220,68
2024-10-17 21:56:32,259783,109
2024-10-17 21:56:32,448943,124
2024-10-17 21:56:32,252638,89
2024-10-17 21:56:32,43531,106
2024-10-17 21:56:32,293821,99
2024-10-17 21:56:32,542880,67
2024-10-17 21:56:32,263305,117
2024-10-17 21:56:32,19550,90
2024-10-17 21:56:32,210722,6
2024-10-17 21:56:32,345539,24
2024-10-17 21:56:32,315974,137
2024-10-17 21:56:32,59114,66
2024-10-17 21:56:32,357411,152
2024-10-17 21:56:32,490210,131
2024-10-17 21:56:32,505832,38
2024-10-17 21:56:32,152127,99
2024-10-17 21:56:32,275942,34
2024-10-17 21:56:32,488637,56
2024-10-17 21:56:32,82637,66
2024-10-17 21:56:32,94063,6
2024-10-17 21:56:33,444327,48
2024-10-17 21:56:33,376680,95
2024-10-17 21:56:33,283575,14
2024-10-17 21:56:33,69723,102
2024-10-17 21:56:33,164151,15
2024-10-17 21:56:33,428682,16
2024-10-17 21:56:33,112315,22
2024-10-17 21:56:33,449692,62
2024-10-17 21:56:33,232040,10
2024-10-17 21:56:33,45073,39
2024-10-17 21:56:33,371793,28
2024-10-17 21:56:33,361935,18
2024-10-17 21:56:33,542909,93
2024-10-17 21:56:33,362562,57
2024-10-17 21:56:33,489311,49
2024-10-17 21:56:33,12901,54
2024-10-17 21:56:33,600,61
2024-10-17 21:56:33,312219,2
2024-10-17 21:56:33,379879,96
2024-10-17 21:56:33,97900,81
2024-10-17 21:56:33,351161,36
2024-10-17 21:56:33,446525,94
2024-10-17 21:56:33,440827,97
2024-10-17 21:56:33,65934,62
2024-10-17 21:56:33,492666,44
2024-10-17 21:56:33,370687,17
2024-10-17 21:56:33,373761,24
2024-10-17 21:56:33,207652,7
2024-10-17 21:56:33,390253,110
2024-10-17 21:56:33,274202,43
2024-10-17 21:56:33,367986,25
2024-10-17 21:56:33,308056,10
2024-10-17 21:56:33,24476,28
2024-10-17 21:56:33,332612,123
2024-10-17 21:56:33,430854,117
2024-10-17 21:56:33,229746,37
2024-10-17 21:56:33,502348,29
2024-10-17 21:56:33,200003,11
2024-10-17 21:56:33,385292,14
2024-10-17 21:56:33,120582,51
2024-10-17 21:56:33,377676,135
2024-10-17 21:56:33,493347,38
2024-10-17 21:56:33,325882,82
2024-10-17 21:56:33,335741,126
2024-10-17 21:56:33,232776,61
2024-10-17 21:56:33,337331,107
2024-10-17 21:56:33,130010,61
2024-10-17 21:56:33,152373,74
2024-10-17 21:56:33,483215,37
2024-10-17 21:56:33,509905,118
2024-10-17 21:56:33,161275,143
2024-10-17 21:56:33,412219,99
2024-10-17 21:56:33,319740,121
2024-10-17 21:56:33,262196,149
2024-10-17 21:56:33,27062,65
2024-10-17 21:56:33,516483,112
2024-10-17 21:56:33,451028,104
2024-10-17 21:56:33,329716,64
2024-10-17 21:56:33,171496,104
2024-10-17 21:56:33,233573,67
2024-10-17 21:56:33,309685,29
2024-10-17 21:56:33,277363,110
2024-10-17 21:56:33,341205,17
2024-10-17 21:56:33,117967,7
2024-10-17 21:56:33,219980,54
2024-10-17 21:56:33,169009,117
2024-10-17 21:56:33,292396,57
2024-10-17 21:56:33,484497,12
2024-10-17 21:56:33,444373,116
2024-10-17 21:56:33,325841,130
2024-10-17 21:56:33,37890,88
2024-10-17 21:56:33,271148,95
2024-10-17 21:56:33,307127,29
2024-10-17 21:56:33,8444,90
2024-10-17 21:56:33,311189,95
2024-10-17 21:56:33,169742,91
2024-10-17 21:56:33,300932,20
2024-10-17 21:56:33,37566,55
2024-10-17 21:56:33,11057,123
2024-10-17 21:56:33,460757,74
2024-10-17 21:56:33,261292,132
2024-10-17 21:56:33,399679,83
2024-10-17 21:56:33,310013,25
2024-10-17 21:56:33,258761,103
2024-10-17 21:56:33,274237,4
2024-10-17 21:56:33,315108,133
2024-10-17 21:56:33,205583,16
2024-10-17 21:56:33,540107,146
2024-10-17 21:56:33,345227,84
2024-10-17 21:56:33,522446,111
2024-10-17 21:56:33,330035,104
2024-10-17 21:56:33,291135,84
2024-10-17 21:56:33,367984,36
2024-10-17 21:56:33,268169,74
2024-10-17 21:56:33,421185,39
2024-10-17 21:56:33,552420,107
2024-10-17 21:56:33,162545,34
2024-10-17 21:56:33,458023,129
2024-10-17 21:56:33,464259,22
2024-10-17 21:56:33,417797,95
2024-10-17 21:56:33,356407,135
2024-10-17 21:56:33,128291,62
2024-10-17 21:56:33,291706,103
2024-10-17 21:56:33,322203,20
2024-10-17 21:56:33,62807,53
2024-10-17 21:56:33,491484,103
2024-10-17 21:56:33,380462,9
2024-10-17 21:56:33,33494,134
2024-10-17 21:56:33,448798,100
2024-10-17 21:56:33,17931,32
2024-10-17 21:56:33,290084,54
2024-10-17 21:56:33,55340,112
2024-10-17 21:56:33,382860,200
2024-10-17 21:56:33,388706,33
2024-10-17 21:56:33,358705,12
2024-10-17 21:56:33,325415,74
2024-10-17 21:56:33,406372,123
2024-10-17 21:56:33,193327,117
2024-10-17 21:56:33,334498,6
2024-10-17 21:56:33,28682,104
2024-10-17 21:56:33,429290,11
2024-10-17 21:56:33,560308,126
2024-10-17 21:56:33,197534,116
2024-10-17 21:56:33,359135,102
2024-10-17 21:56:33,285153,125
2024-10-17 21:56:33,102803,16
2024-10-17 21:56:33,320184,109
2024-10-17 21:56:33,64907,88
2024-10-17 21:56:33,121696,21
2024-10-17 21:56:33,12957,35
2024-10-17 21:56:33,423840,49
2024-10-17 21:56:33,47784,143
2024-10-17 21:56:33,484431,5
2024-10-17 21:56:33,435331,35
2024-10-17 21:56:33,321737,105
2024-10-17 21:56:33,254007,23
2024-10-17 21:56:33,99355,70
2024-10-17 21:56:33,551532,118
2024-10-17 21:56:33,453312,49
2024-10-17 21:56:33,385379,86
2024-10-17 21:56:33,314526,76
2024-10-17 21:56:33,466356,101
2024-10-17 21:56:33,180498,50
2024-10-17 21:56:33,545574,10
2024-10-17 21:56:33,211132,68
2024-10-17 21:56:33,176056,63
2024-10-17 21:56:33,369877,56
2024-10-17 21:56:33,2454,113
2024-10-17 21:56:33,12524,115
2024-10-17 21:56:33,492151,27
2024-10-17 21:56:33,329622,106
2024-10-17 21:56:33,391419,76
2024-10-17 21:56:33,169119,101
2024-10-17 21:56:33,53218,43
2024-10-17 21:56:33,406985,40
2024-10-17 21:56:33,63377,126
2024-10-17 21:56:33,162757,83
2024-10-17 21:56:33,207535,1
2024-10-17 21:56:33,35326,48
2024-10-17 21:56:33,553685,15
2024-10-17 21:56:33,530310,12
2024-10-17 21:56:33,33352,54
2024-10-17 21:56:33,209991,20
2024-10-17 21:56:33,507868,77
2024-10-17 21:56:33,320396,43
2024-10-17 21:56:33,362927,1
2024-10-17 21:56:33,48485,83
2024-10-17 21:56:33,362841,90
2024-10-17 21:56:33,27671,130
2024-10-17 21:56:33,225249,122
2024-10-17 21:56:33,231468,60
2024-10-17 21:56:33,327305,64
2024-10-17 21:56:33,260446,53
2024-10-17 21:56:33,13375,103
2024-10-17 21:56:33,38796,177
2024-10-17 21:56:33,415906,18
2024-10-17 21:56:33,560421,64
2024-10-17 21:56:33,362964,151
2024-10-17 21:56:33,416692,118
2024-10-17 21:56:33,507739,105
2024-10-17 21:56:33,43867,32
2024-10-17 21:56:33,358537,66
2024-10-17 21:56:33,81285,128
2024-10-17 21:56:33,511029,65
2024-10-17 21:56:33,537832,12
2024-10-17 21:56:33,280229,127
2024-10-17 21:56:33,439529,137
2024-10-17 21:56:33,463541,28
2024-10-17 21:56:33,139376,40
2024-10-17 21:56:33,422742,29
2024-10-17 21:56:33,194093,92
2024-10-17 21:56:33,141359,107
2024-10-17 21:56:33,262718,53
2024-10-17 21:56:33,139601,137
2024-10-17 21:56:33,430582,78
2024-10-17 21:56:33,554773,63
2024-10-17 21:56:33,192063,52
2024-10-17 21:56:33,192575,120
2024-10-17 21:56:33,317521,127
2024-10-17 21:56:33,204687,58
2024-10-17 21:56:33,273796,39
2024-10-17 21:56:33,273792,61
2024-10-17 21:56:33,105572,49
2024-10-17 21:56:33,165716,143
2024-10-17 21:56:33,358195,119
2024-10-17 21:56:33,451297,96
2024-10-17 21:56:33,464902,33
2024-10-17 21:56:33,17784,60
2024-10-17 21:56:33,459485,95
2024-10-17 21:56:33,486538,106
2024-10-17 21:56:33,262597,66
2024-10-17 21:56:33,448663,79
2024-10-17 21:56:33,359819,93
2024-10-17 21:56:33,362888,95
2024-10-17 21:56:33,411149,84
2024-10-17 21:56:33,154191,64
2024-10-17 21:56:33,487528,124
2024-10-17 21:56:33,278380,123
2024-10-17 21:56:33,106857,87
2024-10-17 21:56:33,229111,70
2024-10-17 21:56:33,238196,91
2024-10-17 21:56:33,546838,55
2024-10-17 21:56:33,550086,136
2024-10-17 21:56:33,287536,73
2024-10-17 21:56:33,457655,90
2024-10-17 21:56:33,309310,29
2024-10-17 21:56:33,306985,88
2024-10-17 21:56:33,242470,9
2024-10-17 21:56:33,543449,127
2024-10-17 21:56:33,210618,12
2024-10-17 21:56:33,499384,45
2024-10-17 21:56:33,101098,65
2024-10-17 21:56:33,32865,50
2024-10-17 21:56:33,10028,87
2024-10-17 21:56:33,506900,93
2024-10-17 21:56:33,90381,109
2024-10-17 21:56:33,533718,86
2024-10-17 21:56:33,88826,29
2024-10-17 21:56:33,190079,81
2024-10-17 21:56:33,27437,88
2024-10-17 21:56:33,186726,2
2024-10-17 21:56:33,84050,107
2024-10-17 21:56:33,559178,155
2024-10-17 21:56:33,237897,71
2024-10-17 21:56:33,185568,103
2024-10-17 21:56:33,493509,44
2024-10-17 21:56:33,31443,63
2024-10-17 21:56:33,378996,57
2024-10-17 21:56:33,66594,98
2024-10-17 21:56:33,355760,4
2024-10-17 21:56:33,221723,10
2024-10-17 21:56:33,323649,36
2024-10-17 21:56:33,162694,26
2024-10-17 21:56:33,3361,33
2024-10-17 21:56:33,155864,27
2024-10-17 21:56:33,553827,73
2024-10-17 21:56:33,266305,97
2024-10-17 21:56:33,91836,29
2024-10-17 21:56:33,231591,125
2024-10-17 21:56:33,200937,39
2024-10-17 21:56:33,13938,132
2024-10-17 21:56:33,366581,40
2024-10-17 21:56:33,9456,51
2024-10-17 21:56:33,539062,85
2024-10-17 21:56:33,431836,124
2024-10-17 21:56:33,482007,102
2024-10-17 21:56:33,355080,53
2024-10-17 21:56:33,325110,61
2024-10-17 21:56:33,51783,66
2024-10-17 21:56:33,198702,127
2024-10-17 21:56:33,317186,41
2024-10-17 21:56:33,448260,23
2024-10-17 21:56:33,205945,71
2024-10-17 21:56:33,214861,2
2024-10-17 21:56:33,100924,75
2024-10-17 21:56:33,286724,86
2024-10-17 21:56:33,6583,22
2024-10-17 21:56:33,275656,31
2024-10-17 21:56:33,163264,4
2024-10-17 21:56:33,485304,112
2024-10-17 21:56:33,504811,68
2024-10-17 21:56:33,472216,88
2024-10-17 21:56:33,149238,2
2024-10-17 21:56:33,54307,116
2024-10-17 21:56:33,44613,19
2024-10-17 21:56:33,536555,34
2024-10-17 21:56:33,61050,126
2024-10-17 21:56:33,510975,104
2024-10-17 21:56:33,242419,110
2024-10-17 21:56:33,449399,79
2024-10-17 21:56:33,163596,17
2024-10-17 21:56:33,407923,42
2024-10-17 21:56:33,457998,34
2024-10-17 21:56:33,286295,53
2024-10-17 21:56:33,279414,51
2024-10-17 21:56:33,240421,132
2024-10-17 21:56:33,217143,126
2024-10-17 21:56:33,378088,47
2024-10-17 21:56:33,125341,99
2024-10-17 21:56:33,377068,93
2024-10-17 21:56:33,266840,167
2024-10-17 21:56:33,114495,136
2024-10-17 21:56:33,131594,136
2024-10-17 21:56:33,513385,60
2024-10-17 21:56:33,313113,68
2024-10-17 21:56:33,60317,23
2024-10-17 21:56:33,119080,83
2024-10-17 21:56:33,61203,103
2024-10-17 21:56:33,272869,77
2024-10-17 21:56:33,416772,92
2024-10-17 21:56:33,181528,15
2024-10-17 21:56:33,347034,94
2024-10-17 21:56:33,356938,2
2024-10-17 21:56:33,192832,55
2024-10-17 21:56:33,188402,95
2024-10-17 21:56:33,453301,84
2024-10-17 21:56:33,16181,79
2024-10-17 21:56:33,471686,120
2024-10-17 21:56:33,391563,95
2024-10-17 21:56:33,391795,57
2024-10-17 21:56:33,95484,43
2024-10-17 21:56:33,67250,172
2024-10-17 21:56:33,371047,128
2024-10-17 21:56:33,550176,19
2024-10-17 21:56:33,153917,12
2024-10-17 21:56:33,334091,63
2024-10-17 21:56:33,332633,29
2024-10-17 21:56:33,361283,74
2024-10-17 21:56:33,192995,65
2024-10-17 21:56:33,194645,28
2024-10-17 21:56:33,222469,59
2024-10-17 21:56:33,387602,52
2024-10-17 21:56:33,436434,14
2024-10-17 21:56:33,153061,37
2024-10-17 21:56:33,468777,17
2024-10-17 21:56:33,543554,32
2024-10-17 21:56:33,326121,28
2024-10-17 21:56:33,380697,38
2024-10-17 21:56:33,462275,37
2024-10-17 21:56:33,228019,0
2024-10-17 21:56:33,402807,0
2024-10-17 21:56:33,258537,13
2024-10-17 21:56:33,539528,52
2024-10-17 21:56:33,446495,11
2024-10-17 21:56:33,364911,116
2024-10-17 21:56:33,110262,7
2024-10-17 21:56:33,96914,119
2024-10-17 21:56:33,314652,7
2024-10-17 21:56:33,258694,37
2024-10-17 21:56:33,238442,20
2024-10-17 21:56:33,238417,121
2024-10-17 21:56:33,403132,46
2024-10-17 21:56:33,158996,57
2024-10-17 21:56:33,537104,31
2024-10-17 21:56:33,17183,97
2024-10-17 21:56:33,317630,59
2024-10-17 21:56:33,543879,134
2024-10-17 21:56:33,149161,65
2024-10-17 21:56:33,459329,133
2024-10-17 21:56:33,531040,67
2024-10-17 21:56:33,151011,108
2024-10-17 21:56:33,12728,97
2024-10-17 21:56:33,529334,4
2024-10-17 21:56:33,446290,12
2024-10-17 21:56:33,174300,87
2024-10-17 21:56:33,3505,37
2024-10-17 21:56:33,29382,28
2024-10-17 21:56:33,288035,64
2024-10-17 21:56:33,115769,57
2024-10-17 21:56:33,84448,83
2024-10-17 21:56:33,229208,69
2024-10-17 21:56:33,347454,8
2024-10-17 21:56:33,536525,99
2024-10-17 21:56:33,529141,41
2024-10-17 21:56:33,11859,55
2024-10-17 21:56:33,175595,57
2024-10-17 21:56:33,526625,27
2024-10-17 21:56:33,67817,107
2024-10-17 21:56:33,409539,31
2024-10-17 21:56:33,225501,131
2024-10-17 21:56:33,486268,38
2024-10-17 21:56:33,160379,42
2024-10-17 21:56:33,29923,125
2024-10-17 21:56:33,80194,42
2024-10-17 21:56:33,48791,112
2024-10-17 21:56:33,550145,100
2024-10-17 21:56:33,94967,62
2024-10-17 21:56:33,257288,39
2024-10-17 21:56:33,262330,98
2024-10-17 21:56:33,471015,117
2024-10-17 21:56:33,487229,100
2024-10-17 21:56:33,485473,14
2024-10-17 21:56:33,101277,26
2024-10-17 21:56:33,114404,26
2024-10-17 21:56:33,444626,131
2024-10-17 21:56:33,405772,108
2024-10-17 21:56:33,553657,13
2024-10-17 21:56:33,50507,71
2024-10-17 21:56:33,516885,119
2024-10-17 21:56:33,97189,94
2024-10-17 21:56:33,325565,31
2024-10-17 21:56:33,363233,101
2024-10-17 21:56:33,453800,101
2024-10-17 21:56:33,316275,57
2024-10-17 21:56:33,96268,54
2024-10-17 21:56:33,306331,71
2024-10-17 21:56:33,306898,44
2024-10-17 21:56:33,242108,14
2024-10-17 21:56:33,497845,18
2024-10-17 21:56:33,339804,13
2024-10-17 21:56:33,89982,111
2024-10-17 21:56:33,208224,7
2024-10-17 21:56:33,157023,113
2024-10-17 21:56:33,549210,42
2024-10-17 21:56:33,494206,138
2024-10-17 21:56:33,204815,8
2024-10-17 21:56:33,535664,102
2024-10-17 21:56:33,387079,126
2024-10-17 21:56:33,474884,16
2024-10-17 21:56:33,124696,71
2024-10-17 21:56:33,362466,23
2024-10-17 21:56:33,164670,9
2024-10-17 21:56:33,477136,63
2024-10-17 21:56:33,66465,30
2024-10-17 21:56:33,331783,96
2024-10-17 21:56:33,244481,87
2024-10-17 21:56:33,165320,83
2024-10-17 21:56:33,470335,44
2024-10-17 21:56:33,429036,10
2024-10-17 21:56:33,439314,11
2024-10-17 21:56:33,81290,7
2024-10-17 21:56:33,200543,66
2024-10-17 21:56:33,408522,53
2024-10-17 21:56:33,515892,29
2024-10-17 21:56:33,235650,59
2024-10-17 21:56:33,292197,98
2024-10-17 21:56:33,141628,114
2024-10-17 21:56:33,257716,18
2024-10-17 21:56:33,130739,40
2024-10-17 21:56:33,39986,17
2024-10-17 21:56:33,544876,99
2024-10-17 21:56:34,457586,2
2024-10-17 21:56:34,158492,49
2024-10-17 21:56:34,274945,5
2024-10-17 21:56:34,494677,59
2024-10-17 21:56:34,444234,34
2024-10-17 21:56:34,325813,34
2024-10-17 21:56:34,276622,6
2024-10-17 21:56:34,387168,25
2024-10-17 21:56:34,244255,29
2024-10-17 21:56:34,364433,32
2024-10-17 21:56:34,258274,38
2024-10-17 21:56:34,537129,82
2024-10-17 21:56:34,12475,170
2024-10-17 21:56:34,134799,45
2024-10-17 21:56:34,290642,48
2024-10-17 21:56:34,447000,41
2024-10-17 21:56:34,245451,100
2024-10-17 21:56:34,113844,28
2024-10-17 21:56:34,245619,97
2024-10-17 21:56:34,492518,75
2024-10-17 21:56:34,362224,12
2024-10-17 21:56:34,3399,173
2024-10-17 21:56:34,93172,48
2024-10-17 21:56:34,116232,91
2024-10-17 21:56:34,188642,109
2024-10-17 21:56:34,559947,42
2024-10-17 21:56:34,361552,81
2024-10-17 21:56:34,23242,51
2024-10-17 21:56:34,510528,23
2024-10-17 21:56:34,439507,31
2024-10-17 21:56:34,124729,110
2024-10-17 21:56:34,385627,8
2024-10-17 21:56:34,45197,92
2024-10-17 21:56:34,176911,106
2024-10-17 21:56:34,104642,8
2024-10-17 21:56:34,224365,98
2024-10-17 21:56:34,21320,29
2024-10-17 21:56:34,552974,91
2024-10-17 21:56:34,202982,59
2024-10-17 21:56:34,328030,75
2024-10-17 21:56:34,543307,45
2024-10-17 21:56:34,56536,2
2024-10-17 21:56:34,173171,76
2024-10-17 21:56:34,471536,69
2024-10-17 21:56:34,68264,85
2024-10-17 21:56:34,370514,98
2024-10-17 21:56:34,170845,21
2024-10-17 21:56:34,433228,110
2024-10-17 21:56:34,96839,105
2024-10-17 21:56:34,103816,148
2024-10-17 21:56:34,322830,54
2024-10-17 21:56:34,439465,68
2024-10-17 21:56:34,131781,137
2024-10-17 21:56:34,50988,129
2024-10-17 21:56:34,436151,30
2024-10-17 21:56:34,132357,127
2024-10-17 21:56:34,213903,55
2024-10-17 21:56:34,197258,49
2024-10-17 21:56:34,168914,25
2024-10-17 21:56:34,448985,75
2024-10-17 21:56:34,281595,31
2024-10-17 21:56:34,48378,43
2024-10-17 21:56:34,299276,95
2024-10-17 21:56:34,272085,39
2024-10-17 21:56:34,497820,80
2024-10-17 21:56:34,125006,16
2024-10-17 21:56:34,372162,21
2024-10-17 21:56:34,356760,13
2024-10-17 21:56:34,229824,97
2024-10-17 21:56:34,529249,54
2024-10-17 21:56:34,505671,37
2024-10-17 21:56:34,124325,49
2024-10-17 21:56:34,284544,126
2024-10-17 21:56:34,44680,39
2024-10-17 21:56:34,547536,48
2024-10-17 21:56:34,125381,55
2024-10-17 21:56:34,170618,25
2024-10-17 21:56:34,260680,58
2024-10-17 21:56:34,493151,147
2024-10-17 21:56:34,64723,74
2024-10-17 21:56:34,416221,104
2024-10-17 21:56:34,485635,107
2024-10-17 21:56:34,304198,22
2024-10-17 21:56:34,114412,52
2024-10-17 21:56:34,297644,95
2024-10-17 21:56:34,69094,48
2024-10-17 21:56:34,421264,98
2024-10-17 21:56:34,123147,67
2024-10-17 21:56:34,484015,114
2024-10-17 21:56:34,178633,84
2024-10-17 21:56:34,74494,6
2024-10-17 21:56:34,204734,10
2024-10-17 21:56:34,346957,83
2024-10-17 21:56:34,19440,59
2024-10-17 21:56:34,20776,33
2024-10-17 21:56:34,227294,61
2024-10-17 21:56:34,210530,46
2024-10-17 21:56:34,368047,135
2024-10-17 21:56:34,185715,8
2024-10-17 21:56:34,197884,147
2024-10-17 21:56:34,123051,50
2024-10-17 21:56:34,225785,57
2024-10-17 21:56:34,332263,36
2024-10-17 21:56:34,495752,139
2024-10-17 21:56:34,512929,71
2024-10-17 21:56:34,516020,114
2024-10-17 21:56:34,421304,34
2024-10-17 21:56:34,49915,76
2024-10-17 21:56:34,487606,132
2024-10-17 21:56:34,533767,36
2024-10-17 21:56:34,466260,87
2024-10-17 21:56:34,1756,57
2024-10-17 21:56:34,163788,35
2024-10-17 21:56:34,171583,38
2024-10-17 21:56:34,262708,101
2024-10-17 21:56:34,453822,110
2024-10-17 21:56:34,440333,25
2024-10-17 21:56:34,232803,4
2024-10-17 21:56:34,23820,10
2024-10-17 21:56:34,149527,103
2024-10-17 21:56:34,313641,79
2024-10-17 21:56:34,240695,32
2024-10-17 21:56:34,385739,113
2024-10-17 21:56:34,148640,72
2024-10-17 21:56:34,506255,38
2024-10-17 21:56:34,58600,25
2024-10-17 21:56:34,346647,19
2024-10-17 21:56:34,333922,80
2024-10-17 21:56:34,115391,35
2024-10-17 21:56:34,8095,54
2024-10-17 21:56:34,357018,96
2024-10-17 21:56:34,236778,32
2024-10-17 21:56:34,212252,48
2024-10-17 21:56:34,550119,15
2024-10-17 21:56:34,466129,53
2024-10-17 21:56:34,479436,142
2024-10-17 21:56:34,22506,76
2024-10-17 21:56:34,536834,7
2024-10-17 21:56:34,305840,68
2024-10-17 21:56:34,230052,79
2024-10-17 21:56:34,197919,77
2024-10-17 21:56:34,60629,120
2024-10-17 21:56:34,328949,96
2024-10-17 21:56:34,296968,69
2024-10-17 21:56:34,419829,97
2024-10-17 21:56:34,52514,20
2024-10-17 21:56:34,274190,35
2024-10-17 21:56:34,157557,55
2024-10-17 21:56:34,420700,6
2024-10-17 21:56:34,341023,114
2024-10-17 21:56:34,421558,97
2024-10-17 21:56:34,87272,116
2024-10-17 21:56:34,96964,112
2024-10-17 21:56:34,186835,13
2024-10-17 21:56:34,258897,38
2024-10-17 21:56:34,182435,129
2024-10-17 21:56:34,50848,138
2024-10-17 21:56:34,220164,68
2024-10-17 21:56:34,279755,130
2024-10-17 21:56:34,312160,35
2024-10-17 21:56:34,216218,109
2024-10-17 21:56:34,326667,48
2024-10-17 21:56:34,48938,94
2024-10-17 21:56:34,384506,54
2024-10-17 21:56:34,315389,49
2024-10-17 21:56:34,247827,111
2024-10-17 21:56:34,179699,29
2024-10-17 21:56:34,551854,5
2024-10-17 21:56:34,379506,79
2024-10-17 21:56:34,52794,55
2024-10-17 21:56:34,128935,41
2024-10-17 21:56:34,237101,18
2024-10-17 21:56:34,357921,78
2024-10-17 21:56:34,171876,81
2024-10-17 21:56:34,431426,61
2024-10-17 21:56:34,258302,30
2024-10-17 21:56:34,313961,62
2024-10-17 21:56:34,397904,104
2024-10-17 21:56:34,36939,103
2024-10-17 21:56:34,203410,76
2024-10-17 21:56:34,454654,127
2024-10-17 21:56:34,483497,58
2024-10-17 21:56:34,435240,87
2024-10-17 21:56:34,442316,51
2024-10-17 21:56:34,96137,63
2024-10-17 21:56:34,472695,127
2024-10-17 21:56:34,501526,95
2024-10-17 21:56:34,384704,114
2024-10-17 21:56:34,121125,77
2024-10-17 21:56:34,175214,12
2024-10-17 21:56:34,34576,13
2024-10-17 21:56:34,349364,156
2024-10-17 21:56:34,136522,20
2024-10-17 21:56:34,280483,20
2024-10-17 21:56:34,542337,39
2024-10-17 21:56:34,456463,37
2024-10-17 21:56:34,31426,31
2024-10-17 21:56:34,431168,118
2024-10-17 21:56:34,25758,45
2024-10-17 21:56:34,92643,38
2024-10-17 21:56:34,54302,25
2024-10-17 21:56:34,327575,127
2024-10-17 21:56:34,21109,38
2024-10-17 21:56:34,208307,102
2024-10-17 21:56:34,156877,61
2024-10-17 21:56:34,273644,47
2024-10-17 21:56:34,471898,72
2024-10-17 21:56:34,493218,83
2024-10-17 21:56:34,539948,71
2024-10-17 21:56:34,334405,7
2024-10-17 21:56:34,56065,57
2024-10-17 21:56:34,225433,23
2024-10-17 21:56:34,70185,66
2024-10-17 21:56:34,448245,56
2024-10-17 21:56:34,404402,109
2024-10-17 21:56:34,206269,32
2024-10-17 21:56:34,6579,158
2024-10-17 21:56:34,316037,120
2024-10-17 21:56:34,395519,32
2024-10-17 21:56:34,245939,30
2024-10-17 21:56:34,9040,46
2024-10-17 21:56:34,332469,125
2024-10-17 21:56:34,192583,88
2024-10-17 21:56:34,273403,31
2024-10-17 21:56:34,452403,49
2024-10-17 21:56:34,199378,67
2024-10-17 21:56:34,177455,9
2024-10-17 21:56:34,266946,77
2024-10-17 21:56:34,554538,8
2024-10-17 21:56:34,249476,106
2024-10-17 21:56:34,100165,83
2024-10-17 21:56:34,181303,27
2024-10-17 21:56:34,113562,29
2024-10-17 21:56:34,534140,8
2024-10-17 21:56:34,8208,50
2024-10-17 21:56:34,231866,103
2024-10-17 21:56:34,154494,40
2024-10-17 21:56:34,5311,110
2024-10-17 21:56:34,58688,107
2024-10-17 21:56:34,342633,79
2024-10-17 21:56:34,427480,86
2024-10-17 21:56:34,323234,20
2024-10-17 21:56:34,186401,13
2024-10-17 21:56:34,328173,140
2024-10-17 21:56:34,101501,102
2024-10-17 21:56:34,348568,91
2024-10-17 21:56:34,56302,49
2024-10-17 21:56:34,153632,88
2024-10-17 21:56:34,441401,9
2024-10-17 21:56:34,78157,67
2024-10-17 21:56:34,7096,64
2024-10-17 21:56:34,434236,86
2024-10-17 21:56:34,46575,16
2024-10-17 21:56:34,221626,88
2024-10-17 21:56:34,126671,70
2024-10-17 21:56:34,518535,76
2024-10-17 21:56:34,501341,26
2024-10-17 21:56:34,216154,14
2024-10-17 21:56:34,540562,38
2024-10-17 21:56:34,438614,11
2024-10-17 21:56:34,236219,20
2024-10-17 21:56:34,455831,76
2024-10-17 21:56:34,325260,64
2024-10-17 21:56:34,93692,43
2024-10-17 21:56:34,67646,135
2024-10-17 21:56:34,161741,98
2024-10-17 21:56:34,506885,43
2024-10-17 21:56:34,392775,13
2024-10-17 21:56:34,484121,168
2024-10-17 21:56:34,273554,45
2024-10-17 21:56:34,535830,18
2024-10-17 21:56:34,285215,58
2024-10-17 21:56:34,251243,108
2024-10-17 21:56:34,244158,37
2024-10-17 21:56:34,36774,6
2024-10-17 21:56:34,306157,38
2024-10-17 21:56:34,496761,106
2024-10-17 21:56:34,3757,81
2024-10-17 21:56:34,526310,73
2024-10-17 21:56:34,279099,125
2024-10-17 21:56:34,541474,26
2024-10-17 21:56:34,470769,84
2024-10-17 21:56:34,46378,133
2024-10-17 21:56:34,259454,32
2024-10-17 21:56:34,144835,1
2024-10-17 21:56:34,453898,93
2024-10-17 21:56:34,332500,98
2024-10-17 21:56:34,402114,86
2024-10-17 21:56:34,391527,53
2024-10-17 21:56:34,161036,143
2024-10-17 21:56:34,545584,47
2024-10-17 21:56:34,188894,30
2024-10-17 21:56:34,557312,87
2024-10-17 21:56:34,170557,108
2024-10-17 21:56:34,132576,45
2024-10-17 21:56:34,33694,122
2024-10-17 21:56:34,225723,131
2024-10-17 21:56:34,173104,26
2024-10-17 21:56:34,52511,44
2024-10-17 21:56:34,324181,117
2024-10-17 21:56:34,202601,105
2024-10-17 21:56:34,422982,142
2024-10-17 21:56:34,223100,60
2024-10-17 21:56:34,253279,32
2024-10-17 21:56:34,60582,49
2024-10-17 21:56:34,485736,125
2024-10-17 21:56:34,208873,159
2024-10-17 21:56:34,207650,45
2024-10-17 21:56:34,169562,134
2024-10-17 21:56:34,352856,17
2024-10-17 21:56:34,391237,99
2024-10-17 21:56:34,97628,49
2024-10-17 21:56:34,476690,102
2024-10-17 21:56:34,256067,82
2024-10-17 21:56:34,561395,110
2024-10-17 21:56:34,525260,50
2024-10-17 21:56:34,287800,93
2024-10-17 21:56:34,140130,78
2024-10-17 21:56:34,425863,95
2024-10-17 21:56:34,523351,18
2024-10-17 21:56:34,86652,98
2024-10-17 21:56:34,409839,83
2024-10-17 21:56:34,111530,74
2024-10-17 21:56:34,167624,32
2024-10-17 21:56:34,524994,36
2024-10-17 21:56:34,181971,13
2024-10-17 21:56:34,179795,72
2024-10-17 21:56:34,69561,103
2024-10-17 21:56:34,238643,119
2024-10-17 21:56:34,385937,76
2024-10-17 21:56:34,260184,66
2024-10-17 21:56:34,320220,23
2024-10-17 21:56:34,363474,68
2024-10-17 21:56:34,491763,17
2024-10-17 21:56:34,404041,26
2024-10-17 21:56:34,30448,40
2024-10-17 21:56:34,152126,18
2024-10-17 21:56:34,536041,38
2024-10-17 21:56:34,274640,1
2024-10-17 21:56:34,494588,88
2024-10-17 21:56:34,76015,0
2024-10-17 21:56:34,268294,0
2024-10-17 21:56:34,62549,0
2024-10-17 21:56:34,379708,2
2024-10-17 21:56:34,181774,7
2024-10-17 21:56:34,23113,5
2024-10-17 21:56:34,135504,75
2024-10-17 21:56:34,446994,35
2024-10-17 21:56:34,194433,48
2024-10-17 21:56:34,160725,6
2024-10-17 21:56:34,167296,32
2024-10-17 21:56:34,547669,50
2024-10-17 21:56:34,176564,44
2024-10-17 21:56:34,337343,113
2024-10-17 21:56:34,238252,83
2024-10-17 21:56:34,2966,38
2024-10-17 21:56:34,250961,12
2024-10-17 21:56:34,140040,28
2024-10-17 21:56:34,475952,68
2024-10-17 21:56:34,408118,19
2024-10-17 21:56:34,315464,36
2024-10-17 21:56:34,2693,108
2024-10-17 21:56:34,32303,35
2024-10-17 21:56:34,208139,19
2024-10-17 21:56:34,66600,23
2024-10-17 21:56:34,67667,40
2024-10-17 21:56:34,339789,13
2024-10-17 21:56:34,372907,28
2024-10-17 21:56:34,3807,79
2024-10-17 21:56:34,47672,42
2024-10-17 21:56:34,287888,123
2024-10-17 21:56:34,86173,91
2024-10-17 21:56:34,500189,4
2024-10-17 21:56:34,126893,64
2024-10-17 21:56:34,362411,14
2024-10-17 21:56:34,19289,69
2024-10-17 21:56:34,378138,89
2024-10-17 21:56:34,119897,112
2024-10-17 21:56:34,26809,84
2024-10-17 21:56:34,113232,105
2024-10-17 21:56:34,450377,102
2024-10-17 21:56:34,162010,138
2024-10-17 21:56:34,343240,9
2024-10-17 21:56:34,93705,65
2024-10-17 21:56:34,203558,98
2024-10-17 21:56:34,254028,44
2024-10-17 21:56:34,389352,8
2024-10-17 21:56:34,53943,47
2024-10-17 21:56:34,185945,38
2024-10-17 21:56:34,532382,64
2024-10-17 21:56:34,490816,74
2024-10-17 21:56:34,309132,128
2024-10-17 21:56:34,37298,74
2024-10-17 21:56:34,46646,127
2024-10-17 21:56:34,388772,151
2024-10-17 21:56:34,187641,26
2024-10-17 21:56:34,144803,73
2024-10-17 21:56:34,7883,5
2024-10-17 21:56:34,59141,140
2024-10-17 21:56:34,397758,135
2024-10-17 21:56:34,258017,19
2024-10-17 21:56:34,149748,9
2024-10-17 21:56:34,537357,39
2024-10-17 21:56:34,349318,5
2024-10-17 21:56:34,72329,67
2024-10-17 21:56:34,100262,111
2024-10-17 21:56:34,538788,59
2024-10-17 21:56:34,382301,113
2024-10-17 21:56:34,97659,110
2024-10-17 21:56:34,151696,19
2024-10-17 21:56:34,311602,64
2024-10-17 21:56:34,513204,103
2024-10-17 21:56:34,449616,3
2024-10-17 21:56:34,257703,43
2024-10-17 21:56:34,111710,97
2024-10-17 21:56:34,151325,31
2024-10-17 21:56:34,233884,35
2024-10-17 21:56:34,498389,135
2024-10-17 21:56:34,313345,44
2024-10-17 21:56:34,243598,89
2024-10-17 21:56:34,548190,12
2024-10-17 21:56:34,314802,10
2024-10-17 21:56:34,104808,6
2024-10-17 21:56:34,528617,54
2024-10-17 21:56:34,507192,122
2024-10-17 21:56:34,196504,131
2024-10-17 21:56:34,188862,73
2024-10-17 21:56:34,173742,74
2024-10-17 21:56:34,247455,63
2024-10-17 21:56:34,26583,96
2024-10-17 21:56:34,558598,1
2024-10-17 21:56:34,350096,114
2024-10-17 21:56:34,91372,68
2024-10-17 21:56:34,103215,56
2024-10-17 21:56:34,163028,80
2024-10-17 21:56:34,477846,63
2024-10-17 21:56:34,448518,55
2024-10-17 21:56:34,129623,27
2024-10-17 21:56:34,142499,83
2024-10-17 21:56:34,399332,110
2024-10-17 21:56:34,276212,85
2024-10-17 21:56:34,276602,106
2024-10-17 21:56:34,511235,29
2024-10-17 21:56:34,450275,58
2024-10-17 21:56:34,540238,91
2024-10-17 21:56:34,455528,39
2024-10-17 21:56:34,451582,95
2024-10-17 21:56:34,235804,125
2024-10-17 21:56:34,276015,65
2024-10-17 21:56:34,36691,64
2024-10-17 21:56:34,86899,43
2024-10-17 21:56:34,550685,43
2024-10-17 21:56:34,390501,22
2024-10-17 21:56:34,136615,76
2024-10-17 21:56:34,4472,123
2024-10-17 21:56:34,148958,46
2024-10-17 21:56:35,427722,1
2024-10-17 21:56:35,510784,27
2024-10-17 21:56:35,248372,32
2024-10-17 21:56:35,397312,16
2024-10-17 21:56:35,298007,22
2024-10-17 21:56:35,414415,73
2024-10-17 21:56:35,205101,87
2024-10-17 21:56:35,8922,40
2024-10-17 21:56:35,213342,31
2024-10-17 21:56:35,449317,101
2024-10-17 21:56:35,163374,41
2024-10-17 21:56:35,507659,45
2024-10-17 21:56:35,369619,115
2024-10-17 21:56:35,488374,133
2024-10-17 21:56:35,252360,126
2024-10-17 21:56:35,22564,87
2024-10-17 21:56:35,512293,33
2024-10-17 21:56:35,307591,134
2024-10-17 21:56:35,119015,11
2024-10-17 21:56:35,224795,104
2024-10-17 21:56:35,292108,140
2024-10-17 21:56:35,411463,22
2024-10-17 21:56:35,409502,113
2024-10-17 21:56:35,537811,102
2024-10-17 21:56:35,228046,3
2024-10-17 21:56:35,53529,74
2024-10-17 21:56:35,553443,103
2024-10-17 21:56:35,445033,82
2024-10-17 21:56:35,183559,32
2024-10-17 21:56:35,208682,120
2024-10-17 21:56:35,389765,58
2024-10-17 21:56:35,206056,43
2024-10-17 21:56:35,347859,165
2024-10-17 21:56:35,62952,44
2024-10-17 21:56:35,171555,81
2024-10-17 21:56:35,373478,100
2024-10-17 21:56:35,84917,32
2024-10-17 21:56:35,473708,169
2024-10-17 21:56:35,327958,79
2024-10-17 21:56:35,441580,28
2024-10-17 21:56:35,474540,48
2024-10-17 21:56:35,164241,39
2024-10-17 21:56:35,242367,52
2024-10-17 21:56:35,28894,36
2024-10-17 21:56:35,181982,14
2024-10-17 21:56:35,365264,88
2024-10-17 21:56:35,356038,91
2024-10-17 21:56:35,313918,40
2024-10-17 21:56:35,269684,87
2024-10-17 21:56:35,210484,53
2024-10-17 21:56:35,490815,85
2024-10-17 21:56:35,268540,20
2024-10-17 21:56:35,283258,20
2024-10-17 21:56:35,510105,93
2024-10-17 21:56:35,544457,115
2024-10-17 21:56:35,13714,80
2024-10-17 21:56:35,434988,99
2024-10-17 21:56:35,452407,66
2024-10-17 21:56:35,85429,116
2024-10-17 21:56:35,472065,117
2024-10-17 21:56:35,68199,126
2024-10-17 21:56:35,542386,45
2024-10-17 21:56:35,200587,102
2024-10-17 21:56:35,384796,11
2024-10-17 21:56:35,59724,43
2024-10-17 21:56:35,351177,33
2024-10-17 21:56:35,505188,34
2024-10-17 21:56:35,167824,74
2024-10-17 21:56:35,465907,55
2024-10-17 21:56:35,372263,99
2024-10-17 21:56:35,276890,108
2024-10-17 21:56:35,21414,6
2024-10-17 21:56:35,315756,127
2024-10-17 21:56:35,124615,12
2024-10-17 21:56:35,365928,8
2024-10-17 21:56:35,123905,53
2024-10-17 21:56:35,9915,41
2024-10-17 21:56:35,553294,91
2024-10-17 21:56:35,532804,143
2024-10-17 21:56:35,473052,119
2024-10-17 21:56:35,270388,100
2024-10-17 21:56:35,315795,122
2024-10-17 21:56:35,527672,14
2024-10-17 21:56:35,308744,73
2024-10-17 21:56:35,62821,24
2024-10-17 21:56:35,47999,39
2024-10-17 21:56:35,375124,36
2024-10-17 21:56:35,407481,124
2024-10-17 21:56:35,41153,30
2024-10-17 21:56:35,139360,41
2024-10-17 21:56:35,485601,73
2024-10-17 21:56:35,253479,10
2024-10-17 21:56:35,476784,40
2024-10-17 21:56:35,282792,74
2024-10-17 21:56:35,316498,52
2024-10-17 21:56:35,212518,70
2024-10-17 21:56:35,428754,167
2024-10-17 21:56:35,380134,83
2024-10-17 21:56:35,174784,129
2024-10-17 21:56:35,279367,121
2024-10-17 21:56:35,113963,69
2024-10-17 21:56:35,421949,83
2024-10-17 21:56:35,9108,67
2024-10-17 21:56:35,483476,32
2024-10-17 21:56:35,7871,44
2024-10-17 21:56:35,134098,143
2024-10-17 21:56:35,194389,62
2024-10-17 21:56:35,291976,82
2024-10-17 21:56:35,436878,19
2024-10-17 21:56:35,418480,65
2024-10-17 21:56:35,558943,69
2024-10-17 21:56:35,557365,51
2024-10-17 21:56:35,291796,17
2024-10-17 21:56:35,46705,21
2024-10-17 21:56:35,205238,120
2024-10-17 21:56:35,41176,35
2024-10-17 21:56:35,352046,14
2024-10-17 21:56:35,212160,57
2024-10-17 21:56:35,376635,39
2024-10-17 21:56:35,144058,94
2024-10-17 21:56:35,441987,77
2024-10-17 21:56:35,6023,54
2024-10-17 21:56:35,423431,57
2024-10-17 21:56:35,280826,67
2024-10-17 21:56:35,108018,72
2024-10-17 21:56:35,365699,71
2024-10-17 21:56:35,138121,55
2024-10-17 21:56:35,392490,39
2024-10-17 21:56:35,490504,10
2024-10-17 21:56:35,58493,36
2024-10-17 21:56:35,305195,73
2024-10-17 21:56:35,269160,24
2024-10-17 21:56:35,300629,43
2024-10-17 21:56:35,140210,136
2024-10-17 21:56:35,3434,76
2024-10-17 21:56:35,104512,71
2024-10-17 21:56:35,280271,29
2024-10-17 21:56:35,477902,34
2024-10-17 21:56:35,440575,63
2024-10-17 21:56:35,44001,5
2024-10-17 21:56:35,134377,61
2024-10-17 21:56:35,169197,46
2024-10-17 21:56:35,357450,143
2024-10-17 21:56:35,10302,100
2024-10-17 21:56:35,107047,121
2024-10-17 21:56:35,368817,121
2024-10-17 21:56:35,89036,36
2024-10-17 21:56:35,384783,90
2024-10-17 21:56:35,239004,1
2024-10-17 21:56:35,57822,30
2024-10-17 21:56:35,386713,128
2024-10-17 21:56:35,191815,126
2024-10-17 21:56:35,386172,69
2024-10-17 21:56:35,240324,68
2024-10-17 21:56:35,364895,109
2024-10-17 21:56:35,259062,83
2024-10-17 21:56:35,385125,127
2024-10-17 21:56:35,315669,109
2024-10-17 21:56:35,397447,8
2024-10-17 21:56:35,367756,40
2024-10-17 21:56:35,162226,145
2024-10-17 21:56:35,443455,66
2024-10-17 21:56:35,542271,100
2024-10-17 21:56:35,311376,141
2024-10-17 21:56:35,496281,80
2024-10-17 21:56:35,404631,56
2024-10-17 21:56:35,190074,53
2024-10-17 21:56:35,237823,66
2024-10-17 21:56:35,83351,129
2024-10-17 21:56:35,213626,10
2024-10-17 21:56:35,277271,65
2024-10-17 21:56:35,141992,100
2024-10-17 21:56:35,71770,108
2024-10-17 21:56:35,133734,47
2024-10-17 21:56:35,295261,82
2024-10-17 21:56:35,451042,82
2024-10-17 21:56:35,460940,93
2024-10-17 21:56:35,333077,41
2024-10-17 21:56:35,481674,164
2024-10-17 21:56:35,349701,76
2024-10-17 21:56:35,507163,42
2024-10-17 21:56:35,451255,128
2024-10-17 21:56:35,300650,7
2024-10-17 21:56:35,22476,102
2024-10-17 21:56:35,55982,119
2024-10-17 21:56:35,98665,3
2024-10-17 21:56:35,390120,3
2024-10-17 21:56:35,311102,105
2024-10-17 21:56:35,281033,95
2024-10-17 21:56:35,463771,142
2024-10-17 21:56:35,271739,72
2024-10-17 21:56:35,275034,24
2024-10-17 21:56:35,506702,125
2024-10-17 21:56:35,453085,131
2024-10-17 21:56:35,253920,52
2024-10-17 21:56:35,88561,32
2024-10-17 21:56:35,265178,33
2024-10-17 21:56:35,484000,151
2024-10-17 21:56:35,320047,57
2024-10-17 21:56:35,187773,55
2024-10-17 21:56:35,443769,109
2024-10-17 21:56:35,78777,10
2024-10-17 21:56:35,504194,51
2024-10-17 21:56:35,344047,83
2024-10-17 21:56:35,242031,130
2024-10-17 21:56:35,298956,40
2024-10-17 21:56:35,540062,25
2024-10-17 21:56:35,476255,85
2024-10-17 21:56:35,518673,96
2024-10-17 21:56:35,503531,142
2024-10-17 21:56:35,210358,46
2024-10-17 21:56:35,221103,14
2024-10-17 21:56:35,335166,92
2024-10-17 21:56:35,15744,111
2024-10-17 21:56:35,371716,42
2024-10-17 21:56:35,90716,267
2024-10-17 21:56:35,500514,24
2024-10-17 21:56:35,334967,77
2024-10-17 21:56:35,472027,81
2024-10-17 21:56:35,60695,69
2024-10-17 21:56:35,65427,9
2024-10-17 21:56:35,505242,21
2024-10-17 21:56:35,113423,126
2024-10-17 21:56:35,460119,105
2024-10-17 21:56:35,77518,104
2024-10-17 21:56:35,235991,150
2024-10-17 21:56:35,202823,79
2024-10-17 21:56:35,440819,132
2024-10-17 21:56:35,343049,27
2024-10-17 21:56:35,448274,96
2024-10-17 21:56:35,345723,18
2024-10-17 21:56:35,517889,19
2024-10-17 21:56:35,4736,25
2024-10-17 21:56:35,429821,25
2024-10-17 21:56:35,121022,37
2024-10-17 21:56:35,485659,23
2024-10-17 21:56:35,316935,63
2024-10-17 21:56:35,285220,40
2024-10-17 21:56:35,268023,107
2024-10-17 21:56:35,140987,57
2024-10-17 21:56:35,146479,22
2024-10-17 21:56:35,542695,69
2024-10-17 21:56:35,52366,17
2024-10-17 21:56:35,164931,133
2024-10-17 21:56:35,453985,59
2024-10-17 21:56:35,36424,79
2024-10-17 21:56:35,496266,101
2024-10-17 21:56:35,543413,101
2024-10-17 21:56:35,109072,138
2024-10-17 21:56:35,424069,140
2024-10-17 21:56:35,350209,44
2024-10-17 21:56:35,149259,91
2024-10-17 21:56:35,321659,133
2024-10-17 21:56:35,401214,63
2024-10-17 21:56:35,310776,132
2024-10-17 21:56:35,349792,12
2024-10-17 21:56:35,200222,36
2024-10-17 21:56:35,139254,36
2024-10-17 21:56:35,384388,130
2024-10-17 21:56:35,425466,105
2024-10-17 21:56:35,345678,36
2024-10-17 21:56:35,239041,125
2024-10-17 21:56:35,94413,126
2024-10-17 21:56:35,544010,110
2024-10-17 21:56:35,183338,80
2024-10-17 21:56:35,134718,41
2024-10-17 21:56:35,177794,69
2024-10-17 21:56:35,547009,4
2024-10-17 21:56:35,67424,110
2024-10-17 21:56:35,247695,30
2024-10-17 21:56:35,81447,74
2024-10-17 21:56:35,207643,81
2024-10-17 21:56:35,109018,53
2024-10-17 21:56:35,131987,53
2024-10-17 21:56:35,169800,130
2024-10-17 21:56:35,26582,35
2024-10-17 21:56:35,556073,116
2024-10-17 21:56:35,531210,76
2024-10-17 21:56:35,428569,44
2024-10-17 21:56:35,326912,50
2024-10-17 21:56:35,526717,61
2024-10-17 21:56:35,409363,103
2024-10-17 21:56:35,421930,90
2024-10-17 21:56:35,225967,119
2024-10-17 21:56:35,285276,63
2024-10-17 21:56:35,52251,65
2024-10-17 21:56:35,184989,32
2024-10-17 21:56:35,169205,28
2024-10-17 21:56:35,195294,46
2024-10-17 21:56:35,33426,27
2024-10-17 21:56:35,137668,49
2024-10-17 21:56:35,103340,47
2024-10-17 21:56:35,241679,32
2024-10-17 21:56:35,174552,22
2024-10-17 21:56:35,39246,96
2024-10-17 21:56:35,269859,37
2024-10-17 21:56:35,91477,30
2024-10-17 21:56:35,275109,19
2024-10-17 21:56:35,346400,1
2024-10-17 21:56:35,433906,43
2024-10-17 21:56:35,71279,20
2024-10-17 21:56:35,482268,9
2024-10-17 21:56:35,112582,0
2024-10-17 21:56:35,334823,0
2024-10-17 21:56:35,100750,0
2024-10-17 21:56:35,333087,0
2024-10-17 21:56:35,415039,13
2024-10-17 21:56:35,402041,13
2024-10-17 21:56:35,123917,60
2024-10-17 21:56:35,215767,37
2024-10-17 21:56:35,307118,64
2024-10-17 21:56:35,161936,143
2024-10-17 21:56:35,108144,88
2024-10-17 21:56:35,322139,86
2024-10-17 21:56:35,556544,4
2024-10-17 21:56:35,46973,35
2024-10-17 21:56:35,422325,106
2024-10-17 21:56:35,460454,117
2024-10-17 21:56:35,88442,173
2024-10-17 21:56:35,397688,62
2024-10-17 21:56:35,138672,59
2024-10-17 21:56:35,233489,174
2024-10-17 21:56:35,199449,86
2024-10-17 21:56:35,63229,24
2024-10-17 21:56:35,476184,24
2024-10-17 21:56:35,292026,93
2024-10-17 21:56:35,555715,45
2024-10-17 21:56:35,92118,143
2024-10-17 21:56:35,479941,148
2024-10-17 21:56:35,91933,28
2024-10-17 21:56:35,449567,135
2024-10-17 21:56:35,512519,89
2024-10-17 21:56:35,342045,36
2024-10-17 21:56:35,213087,96
2024-10-17 21:56:35,407284,16
2024-10-17 21:56:35,67239,44
2024-10-17 21:56:35,59210,77
2024-10-17 21:56:35,476281,98
2024-10-17 21:56:35,17903,32
2024-10-17 21:56:35,488548,99
2024-10-17 21:56:35,560327,39
2024-10-17 21:56:35,185388,34
2024-10-17 21:56:35,81647,37
2024-10-17 21:56:35,397408,145
2024-10-17 21:56:35,35336,101
2024-10-17 21:56:35,98044,17
2024-10-17 21:56:35,88907,83
2024-10-17 21:56:35,311532,49
2024-10-17 21:56:35,542985,96
2024-10-17 21:56:35,359126,74
2024-10-17 21:56:35,453794,90
2024-10-17 21:56:35,18829,36
2024-10-17 21:56:35,553633,113
2024-10-17 21:56:35,383149,106
2024-10-17 21:56:35,531504,48
2024-10-17 21:56:35,47998,130
2024-10-17 21:56:35,6784,171
2024-10-17 21:56:35,363428,75
2024-10-17 21:56:35,441893,90
2024-10-17 21:56:35,239658,98
2024-10-17 21:56:35,483917,102
2024-10-17 21:56:35,62189,63
2024-10-17 21:56:35,423543,104
2024-10-17 21:56:35,84499,64
2024-10-17 21:56:35,205269,29
2024-10-17 21:56:35,160999,23
2024-10-17 21:56:35,419507,43
2024-10-17 21:56:35,504386,63
2024-10-17 21:56:35,465122,24
2024-10-17 21:56:35,249863,12
2024-10-17 21:56:35,215939,57
2024-10-17 21:56:35,5402,69
2024-10-17 21:56:35,275872,36
2024-10-17 21:56:35,533322,52
2024-10-17 21:56:35,105184,16
2024-10-17 21:56:35,9686,84
2024-10-17 21:56:35,252227,17
2024-10-17 21:56:35,303131,22
2024-10-17 21:56:35,510057,30
2024-10-17 21:56:35,444293,3
2024-10-17 21:56:35,309745,23
2024-10-17 21:56:35,218812,64
2024-10-17 21:56:35,142465,104
2024-10-17 21:56:35,369702,2
2024-10-17 21:56:35,281400,112
2024-10-17 21:56:35,153938,52
2024-10-17 21:56:35,214771,91
2024-10-17 21:56:35,262691,5
2024-10-17 21:56:35,32610,127
2024-10-17 21:56:35,145727,32
2024-10-17 21:56:35,324687,56
2024-10-17 21:56:35,303133,91
2024-10-17 21:56:35,337997,89
2024-10-17 21:56:35,44152,63
2024-10-17 21:56:35,281380,143
2024-10-17 21:56:36,356009,49
2024-10-17 21:56:36,401400,42
2024-10-17 21:56:36,87688,129
2024-10-17 21:56:36,324978,19
2024-10-17 21:56:36,531396,24
2024-10-17 21:56:36,196619,20
2024-10-17 21:56:36,120509,25
2024-10-17 21:56:36,226969,72
2024-10-17 21:56:36,290650,40
2024-10-17 21:56:36,91869,57
2024-10-17 21:56:36,286572,15
2024-10-17 21:56:36,218011,51
2024-10-17 21:56:36,75199,123
2024-10-17 21:56:36,73959,45
2024-10-17 21:56:36,92708,20
2024-10-17 21:56:36,252510,55
2024-10-17 21:56:36,548723,9
2024-10-17 21:56:36,453197,57
2024-10-17 21:56:36,424093,160
2024-10-17 21:56:36,549879,41
2024-10-17 21:56:36,522570,36
2024-10-17 21:56:36,508713,76
2024-10-17 21:56:36,253265,76
2024-10-17 21:56:36,552805,75
2024-10-17 21:56:36,301246,123
2024-10-17 21:56:36,367932,47
2024-10-17 21:56:36,146070,8
2024-10-17 21:56:36,299087,9
2024-10-17 21:56:36,134732,89
2024-10-17 21:56:36,256803,6
2024-10-17 21:56:36,89114,50
2024-10-17 21:56:36,196022,88
2024-10-17 21:56:36,6757,74
2024-10-17 21:56:36,533956,104
2024-10-17 21:56:36,161993,132
2024-10-17 21:56:36,16676,129
2024-10-17 21:56:36,215409,41
2024-10-17 21:56:36,365966,99
2024-10-17 21:56:36,260412,82
2024-10-17 21:56:36,112653,20
2024-10-17 21:56:36,416242,105
2024-10-17 21:56:36,165769,18
2024-10-17 21:56:36,337710,104
2024-10-17 21:56:36,528080,15
2024-10-17 21:56:36,303906,99
2024-10-17 21:56:36,133096,88
2024-10-17 21:56:36,160307,13
2024-10-17 21:56:36,540268,21
2024-10-17 21:56:36,9610,164
2024-10-17 21:56:36,356856,134
2024-10-17 21:56:36,46310,4
2024-10-17 21:56:36,360783,134
2024-10-17 21:56:36,47599,28
2024-10-17 21:56:36,56244,77
2024-10-17 21:56:36,169424,74
2024-10-17 21:56:36,75,65
2024-10-17 21:56:36,520743,116
2024-10-17 21:56:36,210495,66
2024-10-17 21:56:36,375955,3
2024-10-17 21:56:36,456617,13
2024-10-17 21:56:36,55571,6
2024-10-17 21:56:36,3110,16
2024-10-17 21:56:36,277631,83
2024-10-17 21:56:36,18545,167
2024-10-17 21:56:36,254077,25
2024-10-17 21:56:36,533694,85
2024-10-17 21:56:36,316892,94
2024-10-17 21:56:36,441354,113
2024-10-17 21:56:36,200431,44
2024-10-17 21:56:36,195950,78
2024-10-17 21:56:36,122579,92
2024-10-17 21:56:36,472293,65
2024-10-17 21:56:36,232401,75
2024-10-17 21:56:36,442717,10
2024-10-17 21:56:36,498632,122
2024-10-17 21:56:36,454130,108
2024-10-17 21:56:36,67170,32
2024-10-17 21:56:36,468403,99
2024-10-17 21:56:36,512248,6
2024-10-17 21:56:36,440934,56
2024-10-17 21:56:36,52991,4
2024-10-17 21:56:36,189830,152
2024-10-17 21:56:36,359891,47
2024-10-17 21:56:36,509359,98
2024-10-17 21:56:36,9953,3
2024-10-17 21:56:36,203193,43
2024-10-17 21:56:36,83967,28
2024-10-17 21:56:36,107450,87
2024-10-17 21:56:36,99287,31
2024-10-17 21:56:36,403174,95
2024-10-17 21:56:36,276731,27
2024-10-17 21:56:36,34823,131
2024-10-17 21:56:36,132983,67
2024-10-17 21:56:36,553056,101
2024-10-17 21:56:36,422734,119
2024-10-17 21:56:36,371366,23
2024-10-17 21:56:36,8511,105
2024-10-17 21:56:36,242227,66
2024-10-17 21:56:36,7459,82
2024-10-17 21:56:36,495391,183
2024-10-17 21:56:36,46409,93
2024-10-17 21:56:36,378659,79
2024-10-17 21:56:36,249878,74
2024-10-17 21:56:36,12396,129
2024-10-17 21:56:36,441161,46
2024-10-17 21:56:36,125953,94
2024-10-17 21:56:36,559589,103
2024-10-17 21:56:36,277461,86
2024-10-17 21:56:36,436830,95
2024-10-17 21:56:36,504147,82
2024-10-17 21:56:36,551310,5
2024-10-17 21:56:36,3441,12
2024-10-17 21:56:36,501483,119
2024-10-17 21:56:36,208591,104
2024-10-17 21:56:36,368457,111
2024-10-17 21:56:36,421452,1
2024-10-17 21:56:36,487422,132
2024-10-17 21:56:36,142648,61
2024-10-17 21:56:36,250018,147
2024-10-17 21:56:36,218623,111
2024-10-17 21:56:36,167732,12
2024-10-17 21:56:36,344987,32
2024-10-17 21:56:36,66388,96
2024-10-17 21:56:36,487092,88
2024-10-17 21:56:36,308895,18
2024-10-17 21:56:36,301932,132
2024-10-17 21:56:36,77383,142
2024-10-17 21:56:36,418774,19
2024-10-17 21:56:36,235403,64
2024-10-17 21:56:36,476086,35
2024-10-17 21:56:36,245013,40
2024-10-17 21:56:36,285916,68
2024-10-17 21:56:36,27705,49
2024-10-17 21:56:36,97455,58
2024-10-17 21:56:36,291123,85
2024-10-17 21:56:36,301011,67
2024-10-17 21:56:36,358971,89
2024-10-17 21:56:36,294936,114
2024-10-17 21:56:36,262179,79
2024-10-17 21:56:36,66156,18
2024-10-17 21:56:36,197680,138
2024-10-17 21:56:36,299278,147
2024-10-17 21:56:36,203746,100
2024-10-17 21:56:36,8821,106
2024-10-17 21:56:36,87844,51
2024-10-17 21:56:36,451690,100
2024-10-17 21:56:36,151661,66
2024-10-17 21:56:36,548046,142
2024-10-17 21:56:36,2852,94
2024-10-17 21:56:36,257720,48
2024-10-17 21:56:36,402270,14
2024-10-17 21:56:36,172155,4
2024-10-17 21:56:36,42604,12
2024-10-17 21:56:36,442642,10
2024-10-17 21:56:36,73055,41
2024-10-17 21:56:36,105375,119
2024-10-17 21:56:36,49826,77
2024-10-17 21:56:36,264407,96
2024-10-17 21:56:36,236661,26
2024-10-17 21:56:36,561946,49
2024-10-17 21:56:36,121298,108
2024-10-17 21:56:36,216404,10
2024-10-17 21:56:36,220912,714
2024-10-17 21:56:36,522926,26
2024-10-17 21:56:36,228422,114
2024-10-17 21:56:36,448330,163
2024-10-17 21:56:36,348361,13
2024-10-17 21:56:36,52061,128
2024-10-17 21:56:36,440663,18
2024-10-17 21:56:36,293793,21
2024-10-17 21:56:36,503692,11
2024-10-17 21:56:36,511816,91
2024-10-17 21:56:36,46592,143
2024-10-17 21:56:36,543926,70
2024-10-17 21:56:36,313827,62
2024-10-17 21:56:36,271806,26
2024-10-17 21:56:36,99004,138
2024-10-17 21:56:36,30019,110
2024-10-17 21:56:36,17285,137
2024-10-17 21:56:36,49746,43
2024-10-17 21:56:36,556953,11
2024-10-17 21:56:36,266757,141
2024-10-17 21:56:36,428788,30
2024-10-17 21:56:36,163542,86
2024-10-17 21:56:36,130688,129
2024-10-17 21:56:36,478348,43
2024-10-17 21:56:36,190910,47
2024-10-17 21:56:36,500936,12
2024-10-17 21:56:36,189346,141
2024-10-17 21:56:36,365812,22
2024-10-17 21:56:36,55998,103
2024-10-17 21:56:36,234142,77
2024-10-17 21:56:36,154313,18
2024-10-17 21:56:36,286456,47
2024-10-17 21:56:36,152008,71
2024-10-17 21:56:36,427203,34
2024-10-17 21:56:36,270449,50
2024-10-17 21:56:36,146050,79
2024-10-17 21:56:36,266323,32
2024-10-17 21:56:36,243608,130
2024-10-17 21:56:36,151242,94
2024-10-17 21:56:36,177379,100
2024-10-17 21:56:36,105845,102
2024-10-17 21:56:36,351867,135
2024-10-17 21:56:36,122999,87
2024-10-17 21:56:36,69656,26
2024-10-17 21:56:36,491920,25
2024-10-17 21:56:36,459878,47
2024-10-17 21:56:36,483911,138
2024-10-17 21:56:36,132628,8
2024-10-17 21:56:36,449073,69
2024-10-17 21:56:36,255695,7
2024-10-17 21:56:36,423943,47
2024-10-17 21:56:36,402218,125
2024-10-17 21:56:36,391752,61
2024-10-17 21:56:36,414266,49
2024-10-17 21:56:36,311787,66
2024-10-17 21:56:36,524380,30
2024-10-17 21:56:36,348981,49
2024-10-17 21:56:36,71228,56
2024-10-17 21:56:36,30295,72
2024-10-17 21:56:36,524329,113
2024-10-17 21:56:36,265885,65
2024-10-17 21:56:36,98296,90
2024-10-17 21:56:36,44808,110
2024-10-17 21:56:36,396830,3
2024-10-17 21:56:36,252740,93
2024-10-17 21:56:36,106902,86
2024-10-17 21:56:36,158133,120
2024-10-17 21:56:36,52881,55
2024-10-17 21:56:36,469362,93
2024-10-17 21:56:36,255542,53
2024-10-17 21:56:36,549936,51
2024-10-17 21:56:36,433290,111
2024-10-17 21:56:36,365103,33
2024-10-17 21:56:36,459027,26
2024-10-17 21:56:36,360601,97
2024-10-17 21:56:36,141546,30
2024-10-17 21:56:36,542387,52
2024-10-17 21:56:36,129512,138
2024-10-17 21:56:36,75468,30
2024-10-17 21:56:36,76121,10
2024-10-17 21:56:36,449857,20
2024-10-17 21:56:36,119271,17
2024-10-17 21:56:36,179248,66
2024-10-17 21:56:36,29835,20
2024-10-17 21:56:36,195169,52
2024-10-17 21:56:36,8269,27
2024-10-17 21:56:36,435465,23
2024-10-17 21:56:36,1210,45
2024-10-17 21:56:36,176343,94
2024-10-17 21:56:36,373339,49
2024-10-17 21:56:36,411359,62
2024-10-17 21:56:36,85085,128
2024-10-17 21:56:36,277466,94
2024-10-17 21:56:36,395974,36
2024-10-17 21:56:36,326746,123
2024-10-17 21:56:36,19968,83
2024-10-17 21:56:36,105242,54
2024-10-17 21:56:36,259324,135
2024-10-17 21:56:36,372112,119
2024-10-17 21:56:36,44901,54
2024-10-17 21:56:36,498646,130
2024-10-17 21:56:36,364419,122
2024-10-17 21:56:36,258462,37
2024-10-17 21:56:36,502537,125
2024-10-17 21:56:36,252913,60
2024-10-17 21:56:36,372135,70
2024-10-17 21:56:36,355164,21
2024-10-17 21:56:36,534165,116
2024-10-17 21:56:36,32320,134
2024-10-17 21:56:36,325480,27
2024-10-17 21:56:36,231185,100
2024-10-17 21:56:36,367216,107
2024-10-17 21:56:36,272264,16
2024-10-17 21:56:36,516674,118
2024-10-17 21:56:36,471239,139
2024-10-17 21:56:36,215509,71
2024-10-17 21:56:36,282345,22
2024-10-17 21:56:36,142136,93
2024-10-17 21:56:36,419457,11
2024-10-17 21:56:36,298977,63
2024-10-17 21:56:36,262925,69
2024-10-17 21:56:36,494433,113
2024-10-17 21:56:36,275216,112
2024-10-17 21:56:36,181768,115
2024-10-17 21:56:36,313624,56
2024-10-17 21:56:36,446778,68
2024-10-17 21:56:36,246927,80
2024-10-17 21:56:36,490508,85
2024-10-17 21:56:36,50625,110
2024-10-17 21:56:36,368929,23
2024-10-17 21:56:36,43791,26
2024-10-17 21:56:36,100635,101
2024-10-17 21:56:36,327995,24
2024-10-17 21:56:36,427896,82
2024-10-17 21:56:36,376033,83
2024-10-17 21:56:36,549856,142
2024-10-17 21:56:36,411441,81
2024-10-17 21:56:36,56559,51
2024-10-17 21:56:36,326590,3
2024-10-17 21:56:36,248858,80
2024-10-17 21:56:36,503804,9
2024-10-17 21:56:36,269792,15
2024-10-17 21:56:36,10499,69
2024-10-17 21:56:36,427023,12
2024-10-17 21:56:36,166265,29
2024-10-17 21:56:36,424392,21
2024-10-17 21:56:36,337318,21
2024-10-17 21:56:36,334842,77
2024-10-17 21:56:36,190037,28
2024-10-17 21:56:36,465361,45
2024-10-17 21:56:36,300174,22
2024-10-17 21:56:36,359300,108
2024-10-17 21:56:36,152153,40
2024-10-17 21:56:36,366921,39
2024-10-17 21:56:36,158695,32
2024-10-17 21:56:36,314448,7
2024-10-17 21:56:36,540147,0
2024-10-17 21:56:36,533216,0
2024-10-17 21:56:36,530903,0
2024-10-17 21:56:36,223625,3
2024-10-17 21:56:36,102456,7
2024-10-17 21:56:36,542441,52
2024-10-17 21:56:36,218775,112
2024-10-17 21:56:36,560286,68
2024-10-17 21:56:36,227160,89
2024-10-17 21:56:36,189306,59
2024-10-17 21:56:36,313543,73
2024-10-17 21:56:36,96886,103
2024-10-17 21:56:36,3572,3
2024-10-17 21:56:36,495031,77
2024-10-17 21:56:36,45790,147
2024-10-17 21:56:36,175307,18
2024-10-17 21:56:36,559299,75
2024-10-17 21:56:36,465970,73
2024-10-17 21:56:36,560012,50
2024-10-17 21:56:36,403336,48
2024-10-17 21:56:36,229351,28
2024-10-17 21:56:36,217879,72
2024-10-17 21:56:36,542017,138
2024-10-17 21:56:36,259303,17
2024-10-17 21:56:36,415833,29
2024-10-17 21:56:36,447579,107
2024-10-17 21:56:36,237752,43
2024-10-17 21:56:36,456774,77
2024-10-17 21:56:36,194590,45
2024-10-17 21:56:36,499117,57
2024-10-17 21:56:36,179057,17
2024-10-17 21:56:36,205916,10
2024-10-17 21:56:36,77303,111
2024-10-17 21:56:36,260466,47
2024-10-17 21:56:36,12567,84
2024-10-17 21:56:36,324778,16
2024-10-17 21:56:36,410452,24
2024-10-17 21:56:36,400896,77
2024-10-17 21:56:36,542860,5
2024-10-17 21:56:36,195914,47
2024-10-17 21:56:36,520483,203
2024-10-17 21:56:36,290603,127
2024-10-17 21:56:36,341264,97
2024-10-17 21:56:36,87642,64
2024-10-17 21:56:36,498979,48
2024-10-17 21:56:36,484342,44
2024-10-17 21:56:36,101010,76
2024-10-17 21:56:36,360654,105
2024-10-17 21:56:36,152767,66
2024-10-17 21:56:36,115748,56
2024-10-17 21:56:36,470937,115
2024-10-17 21:56:36,214416,50
2024-10-17 21:56:36,90252,79
2024-10-17 21:56:36,313372,133
2024-10-17 21:56:36,354735,54
2024-10-17 21:56:36,284168,140
2024-10-17 21:56:36,128636,70
2024-10-17 21:56:36,315794,21
2024-10-17 21:56:36,495148,43
2024-10-17 21:56:36,97807,42
2024-10-17 21:56:36,519308,57
2024-10-17 21:56:36,87405,134
2024-10-17 21:56:36,88183,157
2024-10-17 21:56:36,539942,88
2024-10-17 21:56:36,203704,4
2024-10-17 21:56:36,245299,80
2024-10-17 21:56:36,289321,93
2024-10-17 21:56:36,129757,28
2024-10-17 21:56:36,8370,69
2024-10-17 21:56:36,313000,72
2024-10-17 21:56:36,284929,66
2024-10-17 21:56:36,541615,66
2024-10-17 21:56:36,382263,37
2024-10-17 21:56:36,126824,34
2024-10-17 21:56:36,251831,152
2024-10-17 21:56:36,425344,46
2024-10-17 21:56:36,131442,72
2024-10-17 21:56:36,333542,99
2024-10-17 21:56:36,386086,22
2024-10-17 21:56:36,486155,5
2024-10-17 21:56:36,372585,59
2024-10-17 21:56:36,443105,40
2024-10-17 21:56:36,85011,116
2024-10-17 21:56:36,501798,22
2024-10-17 21:56:36,162132,97
2024-10-17 21:56:36,123778,139
2024-10-17 21:56:36,423921,98
2024-10-17 21:56:36,230302,109
2024-10-17 21:56:36,211671,55
2024-10-17 21:56:36,235893,118
2024-10-17 21:56:36,505078,77
2024-10-17 21:56:36,162567,96
2024-10-17 21:56:36,193484,3
2024-10-17 21:56:36,545557,59
2024-10-17 21:56:36,21729,213
2024-10-17 21:56:36,279991,57
2024-10-17 21:56:36,148417,116
2024-10-17 21:56:36,39245,51
2024-10-17 21:56:36,409688,12
2024-10-17 21:56:36,220614,56
2024-10-17 21:56:36,520545,86
2024-10-17 21:56:36,480849,54
2024-10-17 21:56:36,359662,42
2024-10-17 21:56:36,444883,30
2024-10-17 21:56:36,214745,85
2024-10-17 21:56:36,147328,139
2024-10-17 21:56:36,164523,57
2024-10-17 21:56:36,331849,52
2024-10-17 21:56:36,8412,37
2024-10-17 21:56:36,350632,64
2024-10-17 21:56:37,154838,1
2024-10-17 21:56:37,392364,98
2024-10-17 21:56:37,269747,10
2024-10-17 21:56:37,508456,11
2024-10-17 21:56:37,495147,137
2024-10-17 21:56:37,491940,47
2024-10-17 21:56:37,185445,37
2024-10-17 21:56:37,137182,92
2024-10-17 21:56:37,449394,52
2024-10-17 21:56:37,437036,37
2024-10-17 21:56:37,558326,45
2024-10-17 21:56:37,451057,32
2024-10-17 21:56:37,433333,85
2024-10-17 21:56:37,412671,58
2024-10-17 21:56:37,552391,162
2024-10-17 21:56:37,85940,128
2024-10-17 21:56:37,252475,97
2024-10-17 21:56:37,540331,80
2024-10-17 21:56:37,310923,3
2024-10-17 21:56:37,438194,90
2024-10-17 21:56:37,493598,68
2024-10-17 21:56:37,500308,126
2024-10-17 21:56:37,370425,132
2024-10-17 21:56:37,270807,106
2024-10-17 21:56:37,299548,129
2024-10-17 21:56:37,354197,103
2024-10-17 21:56:37,343827,70
2024-10-17 21:56:37,509855,127
2024-10-17 21:56:37,153986,22
2024-10-17 21:56:37,306093,136
2024-10-17 21:56:37,375723,123
2024-10-17 21:56:37,438918,79
2024-10-17 21:56:37,273539,93
2024-10-17 21:56:37,265233,40
2024-10-17 21:56:37,131891,40
2024-10-17 21:56:37,22886,120
2024-10-17 21:56:37,136757,58
2024-10-17 21:56:37,59926,73
2024-10-17 21:56:37,322491,36
2024-10-17 21:56:37,58106,71
2024-10-17 21:56:37,280141,37
2024-10-17 21:56:37,993,50
2024-10-17 21:56:37,364530,86
2024-10-17 21:56:37,310739,29
2024-10-17 21:56:37,272223,169
2024-10-17 21:56:37,513699,1
2024-10-17 21:56:37,134744,101
2024-10-17 21:56:37,244042,29
2024-10-17 21:56:37,455390,28
2024-10-17 21:56:37,270245,133
2024-10-17 21:56:37,403228,11
2024-10-17 21:56:37,504236,109
2024-10-17 21:56:37,485654,5
2024-10-17 21:56:37,547792,56
2024-10-17 21:56:37,513897,6
2024-10-17 21:56:37,525431,23
2024-10-17 21:56:37,395076,125
2024-10-17 21:56:37,132386,70
2024-10-17 21:56:37,30316,102
2024-10-17 21:56:37,489875,135
2024-10-17 21:56:37,304186,36
2024-10-17 21:56:37,402993,4
2024-10-17 21:56:37,306137,131
2024-10-17 21:56:37,33385,33
2024-10-17 21:56:37,41609,21
2024-10-17 21:56:37,171284,105
2024-10-17 21:56:37,371014,85
2024-10-17 21:56:37,540060,66
2024-10-17 21:56:37,78968,42
2024-10-17 21:56:37,422482,71
2024-10-17 21:56:37,230893,47
2024-10-17 21:56:37,260698,95
2024-10-17 21:56:37,463482,101
2024-10-17 21:56:37,161135,6
2024-10-17 21:56:37,352398,102
2024-10-17 21:56:37,305895,17
2024-10-17 21:56:37,54386,57
2024-10-17 21:56:37,386954,81
2024-10-17 21:56:37,541757,7
2024-10-17 21:56:37,370487,7
2024-10-17 21:56:37,433381,72
2024-10-17 21:56:37,19276,98
2024-10-17 21:56:37,426038,118
2024-10-17 21:56:37,188456,103
2024-10-17 21:56:37,340139,20
2024-10-17 21:56:37,436861,132
2024-10-17 21:56:37,179501,49
2024-10-17 21:56:37,191399,45
2024-10-17 21:56:37,229612,11
2024-10-17 21:56:37,499429,53
2024-10-17 21:56:37,164182,32
2024-10-17 21:56:37,505218,51
2024-10-17 21:56:37,280424,27
2024-10-17 21:56:37,374636,50
2024-10-17 21:56:37,116956,90
2024-10-17 21:56:37,212808,69
2024-10-17 21:56:37,77909,35
2024-10-17 21:56:37,376793,101
2024-10-17 21:56:37,323479,86
2024-10-17 21:56:37,87669,5
2024-10-17 21:56:37,162731,72
2024-10-17 21:56:37,36847,95
2024-10-17 21:56:37,372974,145
2024-10-17 21:56:37,58672,79
2024-10-17 21:56:37,180122,82
2024-10-17 21:56:37,384387,15
2024-10-17 21:56:37,50447,38
2024-10-17 21:56:37,474741,104
2024-10-17 21:56:37,14142,81
2024-10-17 21:56:37,342318,10
2024-10-17 21:56:37,202439,49
2024-10-17 21:56:37,42171,123
2024-10-17 21:56:37,552150,126
2024-10-17 21:56:37,465681,104
2024-10-17 21:56:37,535475,2
2024-10-17 21:56:37,132663,86
2024-10-17 21:56:37,1786,72
2024-10-17 21:56:37,55979,85
2024-10-17 21:56:37,157933,15
2024-10-17 21:56:37,133627,84
2024-10-17 21:56:37,337004,49
2024-10-17 21:56:37,73804,12
2024-10-17 21:56:37,377271,73
2024-10-17 21:56:37,102086,120
2024-10-17 21:56:37,413009,89
2024-10-17 21:56:37,224748,120
2024-10-17 21:56:37,25962,31
2024-10-17 21:56:37,327337,123
2024-10-17 21:56:37,17982,107
2024-10-17 21:56:37,245744,46
2024-10-17 21:56:37,199861,132
2024-10-17 21:56:37,119131,146
2024-10-17 21:56:37,152994,12
2024-10-17 21:56:37,282574,60
2024-10-17 21:56:37,148094,27
2024-10-17 21:56:37,246591,159
2024-10-17 21:56:37,32694,59
2024-10-17 21:56:37,375224,53
2024-10-17 21:56:37,320548,5
2024-10-17 21:56:37,550477,75
2024-10-17 21:56:37,98057,1
2024-10-17 21:56:37,92816,47
2024-10-17 21:56:37,119832,40
2024-10-17 21:56:37,44290,110
2024-10-17 21:56:37,120946,59
2024-10-17 21:56:37,538158,108
2024-10-17 21:56:37,239398,38
2024-10-17 21:56:37,484026,141
2024-10-17 21:56:37,389533,76
2024-10-17 21:56:37,495399,40
2024-10-17 21:56:37,167877,64
2024-10-17 21:56:37,283636,897
2024-10-17 21:56:37,53664,9
2024-10-17 21:56:37,511401,58
2024-10-17 21:56:37,490733,22
2024-10-17 21:56:37,340529,88
2024-10-17 21:56:37,541078,9
2024-10-17 21:56:37,255692,10
2024-10-17 21:56:37,381717,41
2024-10-17 21:56:37,331234,84
2024-10-17 21:56:37,202452,57
2024-10-17 21:56:37,233756,179
2024-10-17 21:56:37,9845,113
2024-10-17 21:56:37,148092,149
2024-10-17 21:56:37,98779,40
2024-10-17 21:56:37,408416,80
2024-10-17 21:56:37,147780,8
2024-10-17 21:56:37,317030,13
2024-10-17 21:56:37,215607,133
2024-10-17 21:56:37,457170,17
2024-10-17 21:56:37,435609,20
2024-10-17 21:56:37,495265,27
2024-10-17 21:56:37,146665,29
2024-10-17 21:56:37,244578,100
2024-10-17 21:56:37,112257,42
2024-10-17 21:56:37,158999,97
2024-10-17 21:56:37,466057,54
2024-10-17 21:56:37,195263,56
2024-10-17 21:56:37,33648,141
2024-10-17 21:56:37,357397,49
2024-10-17 21:56:37,381518,57
2024-10-17 21:56:37,129130,47
2024-10-17 21:56:37,270694,36
2024-10-17 21:56:37,148815,58
2024-10-17 21:56:37,97813,114
2024-10-17 21:56:37,179393,11
2024-10-17 21:56:37,36567,127
2024-10-17 21:56:37,426924,90
2024-10-17 21:56:37,399749,73
2024-10-17 21:56:37,175221,87
2024-10-17 21:56:37,196104,149
2024-10-17 21:56:37,79336,35
2024-10-17 21:56:37,303618,139
2024-10-17 21:56:37,129301,107
2024-10-17 21:56:37,173619,68
2024-10-17 21:56:37,509439,67
2024-10-17 21:56:37,351190,72
2024-10-17 21:56:37,300963,112
2024-10-17 21:56:37,509184,97
2024-10-17 21:56:37,170820,81
2024-10-17 21:56:37,327809,82
2024-10-17 21:56:37,430732,7
2024-10-17 21:56:37,62853,100
2024-10-17 21:56:37,403847,61
2024-10-17 21:56:37,317317,117
2024-10-17 21:56:37,42776,32
2024-10-17 21:56:37,206242,77
2024-10-17 21:56:37,17897,75
2024-10-17 21:56:37,372338,74
2024-10-17 21:56:37,181874,113
2024-10-17 21:56:37,473573,71
2024-10-17 21:56:37,141031,69
2024-10-17 21:56:37,75575,63
2024-10-17 21:56:37,106080,83
2024-10-17 21:56:37,476523,112
2024-10-17 21:56:37,149302,56
2024-10-17 21:56:37,4204,88
2024-10-17 21:56:37,183163,128
2024-10-17 21:56:37,491486,17
2024-10-17 21:56:37,312164,76
2024-10-17 21:56:37,65045,115
2024-10-17 21:56:37,540002,119
2024-10-17 21:56:37,558874,86
2024-10-17 21:56:37,330055,50
2024-10-17 21:56:37,115098,20
2024-10-17 21:56:37,51668,19
2024-10-17 21:56:37,394590,51
2024-10-17 21:56:37,458280,79
2024-10-17 21:56:37,401315,65
2024-10-17 21:56:37,4366,26
2024-10-17 21:56:37,425531,66
2024-10-17 21:56:37,22650,28
2024-10-17 21:56:37,185963,196
2024-10-17 21:56:37,81375,78
2024-10-17 21:56:37,427829,22
2024-10-17 21:56:37,537200,41
2024-10-17 21:56:37,259958,26
2024-10-17 21:56:37,149389,71
2024-10-17 21:56:37,125575,112
2024-10-17 21:56:37,268198,21
2024-10-17 21:56:37,218896,64
2024-10-17 21:56:37,339689,62
2024-10-17 21:56:37,503287,13
2024-10-17 21:56:37,378070,51
2024-10-17 21:56:37,515160,18
2024-10-17 21:56:37,257574,85
2024-10-17 21:56:37,170188,52
2024-10-17 21:56:37,196373,75
2024-10-17 21:56:37,256979,97
2024-10-17 21:56:37,125980,101
2024-10-17 21:56:37,21925,21
2024-10-17 21:56:37,265752,103
2024-10-17 21:56:37,135016,108
2024-10-17 21:56:37,329947,63
2024-10-17 21:56:37,478091,116
2024-10-17 21:56:37,322422,28
2024-10-17 21:56:37,270787,15
2024-10-17 21:56:37,244009,51
2024-10-17 21:56:37,422784,8
2024-10-17 21:56:37,282038,38
2024-10-17 21:56:37,149417,33
2024-10-17 21:56:37,379613,121
2024-10-17 21:56:37,108448,6
2024-10-17 21:56:37,211518,109
2024-10-17 21:56:37,209950,134
2024-10-17 21:56:37,416490,74
2024-10-17 21:56:37,158935,18
2024-10-17 21:56:37,171403,64
2024-10-17 21:56:37,13710,51
2024-10-17 21:56:37,304722,117
2024-10-17 21:56:37,428803,3
2024-10-17 21:56:37,280038,56
2024-10-17 21:56:37,77514,48
2024-10-17 21:56:37,249994,72
2024-10-17 21:56:37,394926,76
2024-10-17 21:56:37,352151,62
2024-10-17 21:56:37,349019,115
2024-10-17 21:56:37,402509,88
2024-10-17 21:56:37,494283,83
2024-10-17 21:56:37,139382,82
2024-10-17 21:56:37,182188,53
2024-10-17 21:56:37,488694,107
2024-10-17 21:56:37,182184,78
2024-10-17 21:56:37,506195,47
2024-10-17 21:56:37,522722,2
2024-10-17 21:56:37,166556,50
2024-10-17 21:56:37,96953,25
2024-10-17 21:56:37,541425,82
2024-10-17 21:56:37,260656,34
2024-10-17 21:56:37,286354,9
2024-10-17 21:56:37,307269,83
2024-10-17 21:56:37,532672,97
2024-10-17 21:56:37,21362,43
2024-10-17 21:56:37,143952,30
2024-10-17 21:56:37,253103,13
2024-10-17 21:56:37,134394,46
2024-10-17 21:56:37,169775,18
2024-10-17 21:56:37,262670,17
2024-10-17 21:56:37,113566,79
2024-10-17 21:56:37,213324,27
2024-10-17 21:56:37,342778,102
2024-10-17 21:56:37,21707,16
2024-10-17 21:56:37,488887,90
2024-10-17 21:56:37,351508,1
2024-10-17 21:56:37,118482,77
2024-10-17 21:56:37,33192,0
2024-10-17 21:56:37,368651,0
2024-10-17 21:56:37,433508,0
2024-10-17 21:56:37,18483,0
2024-10-17 21:56:37,478313,16
2024-10-17 21:56:37,448951,8
2024-10-17 21:56:37,313401,9
2024-10-17 21:56:37,364898,83
2024-10-17 21:56:37,233185,19
2024-10-17 21:56:37,115014,46
2024-10-17 21:56:37,317304,20
2024-10-17 21:56:37,59266,94
2024-10-17 21:56:37,190058,139
2024-10-17 21:56:37,212707,93
2024-10-17 21:56:37,97849,95
2024-10-17 21:56:37,335594,79
2024-10-17 21:56:37,157301,26
2024-10-17 21:56:37,309140,24
2024-10-17 21:56:37,559772,40
2024-10-17 21:56:37,29968,84
2024-10-17 21:56:37,248659,40
2024-10-17 21:56:37,292586,71
2024-10-17 21:56:37,20422,107
2024-10-17 21:56:37,292934,68
2024-10-17 21:56:37,77934,8
2024-10-17 21:56:37,478734,72
2024-10-17 21:56:37,55583,15
2024-10-17 21:56:37,41979,13
2024-10-17 21:56:37,12494,176
2024-10-17 21:56:37,393595,16
2024-10-17 21:56:37,412046,81
2024-10-17 21:56:37,330535,141
2024-10-17 21:56:37,296354,45
2024-10-17 21:56:37,386405,41
2024-10-17 21:56:37,413808,88
2024-10-17 21:56:37,122724,13
2024-10-17 21:56:37,406891,66
2024-10-17 21:56:37,453691,30
2024-10-17 21:56:37,164877,91
2024-10-17 21:56:37,346324,133
2024-10-17 21:56:37,436026,62
2024-10-17 21:56:37,17116,17
2024-10-17 21:56:37,383629,83
2024-10-17 21:56:37,309608,92
2024-10-17 21:56:37,72782,71
2024-10-17 21:56:37,72497,128
2024-10-17 21:56:37,129786,27
2024-10-17 21:56:37,164326,74
2024-10-17 21:56:37,340853,50
2024-10-17 21:56:37,545823,16
2024-10-17 21:56:37,49361,41
2024-10-17 21:56:37,1262,104
2024-10-17 21:56:37,344630,24
2024-10-17 21:56:37,218873,46
2024-10-17 21:56:37,35100,115
2024-10-17 21:56:37,259219,96
2024-10-17 21:56:37,439744,53
2024-10-17 21:56:37,73159,24
2024-10-17 21:56:37,177825,9
2024-10-17 21:56:37,148172,152
2024-10-17 21:56:37,2934,98
2024-10-17 21:56:37,438664,36
2024-10-17 21:56:37,203134,55
2024-10-17 21:56:37,158981,88
2024-10-17 21:56:37,320625,9
2024-10-17 21:56:37,239093,44
2024-10-17 21:56:37,178119,122
2024-10-17 21:56:37,496551,15
2024-10-17 21:56:37,165764,72
2024-10-17 21:56:37,483681,42
2024-10-17 21:56:37,145259,114
2024-10-17 21:56:37,522928,81
2024-10-17 21:56:37,473163,59
2024-10-17 21:56:37,519328,6
2024-10-17 21:56:37,465562,8
2024-10-17 21:56:37,431181,58
2024-10-17 21:56:37,330121,108
2024-10-17 21:56:37,327441,22
2024-10-17 21:56:37,366505,28
2024-10-17 21:56:37,524898,6
2024-10-17 21:56:37,118511,64
2024-10-17 21:56:37,462898,103
2024-10-17 21:56:37,56348,63
2024-10-17 21:56:37,176194,78
2024-10-17 21:56:37,271250,7
2024-10-17 21:56:37,468344,43
2024-10-17 21:56:37,436917,6
2024-10-17 21:56:37,205813,140
2024-10-17 21:56:37,487289,2
2024-10-17 21:56:37,501500,56
2024-10-17 21:56:37,476767,73
2024-10-17 21:56:37,2316,11
2024-10-17 21:56:37,495070,87
2024-10-17 21:56:37,265167,73
2024-10-17 21:56:37,12288,14
2024-10-17 21:56:37,112524,27
2024-10-17 21:56:37,32957,73
2024-10-17 21:56:37,101053,82
2024-10-17 21:56:37,454673,15
2024-10-17 21:56:37,321461,43
2024-10-17 21:56:37,99705,78
2024-10-17 21:56:37,559787,16
2024-10-17 21:56:37,513913,32
2024-10-17 21:56:37,155053,99
2024-10-17 21:56:37,183972,97
2024-10-17 21:56:37,543693,60
2024-10-17 21:56:37,406454,50
2024-10-17 21:56:37,543638,50
2024-10-17 21:56:37,482397,136
2024-10-17 21:56:37,236845,117
2024-10-17 21:56:37,224965,7
2024-10-17 21:56:38,411303,33
2024-10-17 21:56:38,397874,8
2024-10-17 21:56:38,448779,35
2024-10-17 21:56:38,368337,62
2024-10-17 21:56:38,536062,4
2024-10-17 21:56:38,23042,60
2024-10-17 21:56:38,227319,18
2024-10-17 21:56:38,495907,55
2024-10-17 21:56:38,224279,92
2024-10-17 21:56:38,474736,9
2024-10-17 21:56:38,546476,41
2024-10-17 21:56:38,288598,63
2024-10-17 21:56:38,209277,34
2024-10-17 21:56:38,60217,43
2024-10-17 21:56:38,362137,97
2024-10-17 21:56:38,484442,89
2024-10-17 21:56:38,545293,66
2024-10-17 21:56:38,92835,121
2024-10-17 21:56:38,91333,132
2024-10-17 21:56:38,128492,70
2024-10-17 21:56:38,59103,79
2024-10-17 21:56:38,15789,30
2024-10-17 21:56:38,560900,44
2024-10-17 21:56:38,334125,21
2024-10-17 21:56:38,462984,84
2024-10-17 21:56:38,448261,113
2024-10-17 21:56:38,293150,110
2024-10-17 21:56:38,186868,92
2024-10-17 21:56:38,209106,12
2024-10-17 21:56:38,40393,54
2024-10-17 21:56:38,341839,13
2024-10-17 21:56:38,438125,106
2024-10-17 21:56:38,120101,69
2024-10-17 21:56:38,314647,21
2024-10-17 21:56:38,4611,102
2024-10-17 21:56:38,477624,140
2024-10-17 21:56:38,519234,127
2024-10-17 21:56:38,151006,134
2024-10-17 21:56:38,498299,41
2024-10-17 21:56:38,509,97
2024-10-17 21:56:38,44692,50
2024-10-17 21:56:38,339133,143
2024-10-17 21:56:38,4006,65
2024-10-17 21:56:38,333803,66
2024-10-17 21:56:38,144929,54
2024-10-17 21:56:38,287359,121
2024-10-17 21:56:38,447689,106
2024-10-17 21:56:38,257926,17
2024-10-17 21:56:38,313962,59
2024-10-17 21:56:38,172791,39
2024-10-17 21:56:38,34561,55
2024-10-17 21:56:38,392368,42
2024-10-17 21:56:38,159946,38
2024-10-17 21:56:38,491455,137
2024-10-17 21:56:38,389611,133
2024-10-17 21:56:38,300478,15
2024-10-17 21:56:38,405999,191
2024-10-17 21:56:38,136970,37
2024-10-17 21:56:38,316240,38
2024-10-17 21:56:38,440718,10
2024-10-17 21:56:38,468512,94
2024-10-17 21:56:38,245784,34
2024-10-17 21:56:38,204914,62
2024-10-17 21:56:38,265962,116
2024-10-17 21:56:38,239978,26
2024-10-17 21:56:38,169819,66
2024-10-17 21:56:38,216382,49
2024-10-17 21:56:38,152381,101
2024-10-17 21:56:38,162490,67
2024-10-17 21:56:38,277852,5
2024-10-17 21:56:38,259090,99
2024-10-17 21:56:38,142054,77
2024-10-17 21:56:38,300113,137
2024-10-17 21:56:38,150009,109
2024-10-17 21:56:38,469681,82
2024-10-17 21:56:38,531162,34
2024-10-17 21:56:38,251326,79
2024-10-17 21:56:38,454369,55
2024-10-17 21:56:38,339914,63
2024-10-17 21:56:38,457332,44
2024-10-17 21:56:38,94673,58
2024-10-17 21:56:38,18737,52
2024-10-17 21:56:38,463629,82
2024-10-17 21:56:38,397379,19
2024-10-17 21:56:38,14347,61
2024-10-17 21:56:38,369712,108
2024-10-17 21:56:38,387607,27
2024-10-17 21:56:38,97475,31
2024-10-17 21:56:38,14291,104
2024-10-17 21:56:38,496083,110
2024-10-17 21:56:38,477202,83
2024-10-17 21:56:38,8599,7
2024-10-17 21:56:38,302785,74
2024-10-17 21:56:38,303722,109
2024-10-17 21:56:38,139442,27
2024-10-17 21:56:38,133936,134
2024-10-17 21:56:38,437011,45
2024-10-17 21:56:38,362500,1
2024-10-17 21:56:38,457381,94
2024-10-17 21:56:38,14525,90
2024-10-17 21:56:38,314011,26
2024-10-17 21:56:38,87554,10
2024-10-17 21:56:38,421437,64
2024-10-17 21:56:38,67982,120
2024-10-17 21:56:38,65858,89
2024-10-17 21:56:38,179107,42
2024-10-17 21:56:38,56543,141
2024-10-17 21:56:38,22135,85
2024-10-17 21:56:38,192557,152
2024-10-17 21:56:38,330083,63
2024-10-17 21:56:38,540796,107
2024-10-17 21:56:38,359916,34
2024-10-17 21:56:38,504211,66
2024-10-17 21:56:38,365619,128
2024-10-17 21:56:38,311806,143
2024-10-17 21:56:38,44112,35
2024-10-17 21:56:38,138948,6
2024-10-17 21:56:38,221035,17
2024-10-17 21:56:38,397663,104
2024-10-17 21:56:38,307185,12
2024-10-17 21:56:38,60130,21
2024-10-17 21:56:38,261155,140
2024-10-17 21:56:38,52398,109
2024-10-17 21:56:38,442994,68
2024-10-17 21:56:38,511826,31
2024-10-17 21:56:38,359223,97
2024-10-17 21:56:38,510050,92
2024-10-17 21:56:38,455761,35
2024-10-17 21:56:38,523960,75
2024-10-17 21:56:38,267916,63
2024-10-17 21:56:38,74692,73
2024-10-17 21:56:38,313394,67
2024-10-17 21:56:38,301751,36
2024-10-17 21:56:38,200947,81
2024-10-17 21:56:38,251639,8
2024-10-17 21:56:38,126358,65
2024-10-17 21:56:38,221307,73
2024-10-17 21:56:38,340402,50
2024-10-17 21:56:38,105110,91
2024-10-17 21:56:38,360925,89
2024-10-17 21:56:38,544207,153
2024-10-17 21:56:38,130276,12
2024-10-17 21:56:38,321746,94
2024-10-17 21:56:38,63034,101
2024-10-17 21:56:38,292956,109
2024-10-17 21:56:38,210653,10
2024-10-17 21:56:38,406594,83
2024-10-17 21:56:38,334698,114
2024-10-17 21:56:38,398498,56
2024-10-17 21:56:38,368268,39
2024-10-17 21:56:38,449294,13
2024-10-17 21:56:38,144279,168
2024-10-17 21:56:38,379575,130
2024-10-17 21:56:38,313227,40
2024-10-17 21:56:38,206899,41
2024-10-17 21:56:38,105931,40
2024-10-17 21:56:38,107056,13
2024-10-17 21:56:38,356796,147
2024-10-17 21:56:38,483060,55
2024-10-17 21:56:38,130284,79
2024-10-17 21:56:38,15847,16
2024-10-17 21:56:38,78230,14
2024-10-17 21:56:38,460498,74
2024-10-17 21:56:38,489879,11
2024-10-17 21:56:38,321083,17
2024-10-17 21:56:38,495727,23
2024-10-17 21:56:38,85544,11
2024-10-17 21:56:38,374003,122
2024-10-17 21:56:38,553869,115
2024-10-17 21:56:38,96016,74
2024-10-17 21:56:38,533568,110
2024-10-17 21:56:38,185429,56
2024-10-17 21:56:38,132503,82
2024-10-17 21:56:38,321434,124
2024-10-17 21:56:38,533737,118
2024-10-17 21:56:38,204164,136
2024-10-17 21:56:38,524714,99
2024-10-17 21:56:38,39413,40
2024-10-17 21:56:38,121347,42
2024-10-17 21:56:38,255887,53
2024-10-17 21:56:38,331615,8
2024-10-17 21:56:38,480986,100
2024-10-17 21:56:38,97006,20
2024-10-17 21:56:38,269149,69
2024-10-17 21:56:38,463680,128
2024-10-17 21:56:38,194919,29
2024-10-17 21:56:38,326899,105
2024-10-17 21:56:38,444222,42
2024-10-17 21:56:38,25647,48
2024-10-17 21:56:38,289236,132
2024-10-17 21:56:38,406542,94
2024-10-17 21:56:38,184276,74
2024-10-17 21:56:38,498802,71
2024-10-17 21:56:38,63601,95
2024-10-17 21:56:38,209394,109
2024-10-17 21:56:38,272162,6
2024-10-17 21:56:38,54149,121
2024-10-17 21:56:38,13941,44
2024-10-17 21:56:38,102538,42
2024-10-17 21:56:38,380227,32
2024-10-17 21:56:38,536536,85
2024-10-17 21:56:38,208282,55
2024-10-17 21:56:38,533703,51
2024-10-17 21:56:38,89677,66
2024-10-17 21:56:38,79379,47
2024-10-17 21:56:38,138454,19
2024-10-17 21:56:38,479962,42
2024-10-17 21:56:38,161910,131
2024-10-17 21:56:38,446126,116
2024-10-17 21:56:38,425420,124
2024-10-17 21:56:38,271027,21
2024-10-17 21:56:38,263341,9
2024-10-17 21:56:38,520980,111
2024-10-17 21:56:38,262906,4
2024-10-17 21:56:38,82613,49
2024-10-17 21:56:38,419616,10
2024-10-17 21:56:38,55995,96
2024-10-17 21:56:38,82628,48
